"user_id","user_name","email","password"
"7d05d4b8-56d2-4126-8292-37665514705f",croskrug0,abasindale0@t-online.de,zxe870819
"17b42209-b654-4198-ac3f-b897707ebaf0",marchbold1,vashmole1@ebay.co.uk,xw46454nr23l
"5d561e94-ebbe-4adb-83fc-392a33d46a37",jcolliard2,thakey2@geocities.com,soporte13
"3cbb6cd1-8828-4a20-bbab-07ccf624628c",zmorican3,bosiaghail3@nymag.com,soporte13
"11155dfe-c14c-45e3-af93-d67f53501356",lhellmore4,bgetty4@dagondesign.com,c443balg
"47e0cf9f-584d-4d49-bf0f-25fd6194631f",jloren5,caguirre5@yelp.com,"16623670p"
"9cf75047-b2c3-472f-b1c1-d052d3f502ee",lfortye6,agrowcock6@instagram.com,yj9q3f8p
"7f2e7fa7-1e2b-4075-9560-8c15807420e5",glisciardelli7,lcockren7@house.gov,"180ZIRUVIcuFERy"
ea6ef976-62ab-46bf-a535-eb7ea868bc6c,kwaine8,bproud8@mail.ru,djredd09
"6641f795-bbaa-4ad8-aa2e-2f044f2c3520",bduffie9,ngipson9@shop-pro.jp,yin172015
"11880993-18eb-4660-a519-cd48d6add5da",tlancetera,gwithamsa@hp.com,bodrum1903
b4ab46fb-ca8c-403f-9cd1-d5fa135654e8,clunamb,efeeb@mysql.com,sapito22
"02d1ca3a-7614-4578-a2b5-216519278f04",bcomettoc,tfellowc@abc.net.au,"35av2975z5"
"452c5430-b74a-42c5-8cc0-4b2417b95e58",vinsoled,lowtramd@ask.com,muka2005
"965cb175-13bf-49ac-9cc2-b1e9456fb80b",mkeige,cstebbinse@diigo.com,crnogorac381PG
"3dd5cb15-2181-48dd-a1ac-823df46b1f57",bmadlef,fhuddlestonef@github.com,qq1318242449
"94331fbc-ccb4-4be7-bf39-73fab66785e0",rbignallg,ibassamg@myspace.com,ubancyr895
c3d141cd-6502-4e5e-988b-a424ee0a94f3,ovedishchevh,wvedeneevh@goo.gl,heihei321
a664204e-7d5e-4d56-ac93-5019d4bead3c,amacveighi,lhanseli@stumbleupon.com,konjina88
a58dce9c-cf3c-47fc-bb0d-9b4887552eb6,wbramwellj,ahaldanej@joomla.org,mihibo379
f8ef1356-0633-4b21-b431-a4aea1ff9f8e,jreicherzk,scardillok@loc.gov,dtc5aoy
b15e70e1-de46-4783-9ff2-a180d00fffdb,jbodleighl,cpitfieldl@ameblo.jp,oejcr710
e33f3bc8-2a98-4849-95f8-64aa6ae2b3f9,barentm,fallabartonm@histats.com,jukutpaku321
ee05ff2c-ec72-4465-8458-e7d1ea56827b,sbeehon,hgodlontonn@meetup.com,voqozu697
"123bbd46-56c6-47a6-9819-8fb09f3b7618",wbaileo,mcasserlyo@huffingtonpost.com,dpkashyap3
ea967747-7e2c-49ce-ad61-be92cb32f963,bpearmainp,jtrevonp@histats.com,bedys583
e4b42d52-0ea1-48e8-ac03-7ea205c823fd,tshannahanq,tcarlingq@de.vu,"0Y1QKoDUzOAb83Zs"
ef9c95a8-0a31-47ea-b7e2-296711bd69f9,kpigginsr,cbrickhamr@seattletimes.com,dhmusic007
"7a28be62-6f8d-4bc6-8c35-85e0724124bc",erolstons,hpickersgills@cnbc.com,"4911501833ff"
be887ed9-c9aa-42e4-8146-bd4e17c4f80b,danniwellt,mshaplint@istockphoto.com,greatPERSON123
b7803a1e-3435-4f29-936d-f8c23243ac52,ahaistwellu,bolifauntu@ted.com,"354OfaWaPemymIr"
"5f104e6b-4106-4c82-9f2c-0323e29b6a21",bcornelsv,mdornv@narod.ru,"3118163841n"
d50fce63-7186-4bc1-a5a2-b57edf5021bf,tcartmelw,kduplantierw@hexun.com,Rtg9JEjY2MARgl1h
"29350c6e-e078-4ab7-8d20-2c1788a188e7",mpykex,rmccuthaisx@tumblr.com,love4music
f91a3ae9-b619-4518-a1cb-a7c024ab6fce,hpepineauxy,rpatesy@photobucket.com,gadyt897
dec80c3b-9fd9-405d-b9c7-b3561cef7137,wchampionnetz,cgibbensz@4shared.com,a226joyi
"0a661f95-3526-4a73-ba70-23d8c64cbf71",hmichieli10,dmorad10@ask.com,iqecyka288
d7f810a9-e1c1-4fc2-a782-766f2f0a46cc,bglavis11,mcopes11@angelfire.com,oraloral93
"78d8bf5d-a40d-4d8d-afc3-ef7fdb92594b",mwillisch12,gmontez12@icio.us,vav14639832
"596c7a77-4690-4db3-983c-a1c60722b710",qleming13,mcockrill13@squidoo.com,YzXtV6TUxMwoQKml
"28eb647b-c525-4a6a-ae22-12b199b2ed7d",dpasley14,mbayless14@toplist.cz,AVYziJyQevot714
a28f130f-a0bd-4211-8d36-bc2a35d8ff8e,sfumagalli15,adedenham15@reuters.com,volvo850
"48b37ab1-6057-4b5e-adb8-018b37db040d",cpittaway16,dwallworth16@state.tx.us,"9lvquzz55"
"66b142ce-03ad-4c8f-8517-c0c11d6c1bcd",erankine17,nsobey17@sohu.com,mysekf123
"13e10af3-f755-4112-b159-66960997670b",bplampin18,ecarlsson18@etsy.com,killadude1
"15e923ad-8593-455a-acd1-e5cad659b391",hharrell19,byeowell19@sphinn.com,morior666
b9eb975e-5987-4b96-b414-24a133ff18e3,lhanby1a,obrett1a@desdev.cn,wvhwvo15
"2f7d2df6-5182-400c-9435-8472be41720e",mbampkin1b,nmiles1b@google.ca,paxton0
"2e273b49-f26d-4744-a449-03d3790080a7",lfacher1c,dpietruszewicz1c@pcworld.com,rfvfrfvf88
"5454e36f-a7ec-4256-b4f2-4bc4d71003a3",jjanson1d,rmcgee1d@flickr.com,joskes9
"37944645-bf91-44de-bf38-9e69aac27c33",cgullefant1e,selner1e@netlog.com,turok61258
"756655dc-dd92-41cf-a5ba-3bed8000be62",tmcquirk1f,bcalifornia1f@ft.com,jubilo5247
"9875764b-81e5-4d50-9e03-f9a90aaeb344",cdeanel6,slinkel6@nps.gov,tcu2ba
"7971cb45-f4d8-4453-bf3f-97372dfc46cc",zeilhersen1g,rentwhistle1g@icq.com,jablana123
"1e0ccc08-e999-46e8-9458-ff0b5aae6141",awillgoss1h,kfrunks1h@wikispaces.com,tripanosoma1
a136b58e-a0a5-481a-9bb7-83869ba9f78a,nhullot1i,criddett1i@phpbb.com,"210490djj"
"98fba9e4-c581-4f97-8e01-74b73508e30b",ojosowitz1j,cattawell1j@usa.gov,taslim123
"543683ef-8aff-4b0a-98af-4b65e37f9e4d",mbroadbear1k,spenhale1k@goo.gl,zgcjd8e2
"461cec11-bfe4-436d-b222-ad20f769d244",bhallede1l,gfitzroy1l@rediff.com,ecymnrf3
"6adde9da-3276-4dd3-9a1c-1ae20cf74191",bstapylton1m,jbenditt1m@usda.gov,webhost200012
b5a2d3de-c85e-4dd9-89ef-3da457d62b6b,dfeehely1n,agookes1n@google.co.uk,laokxebj87
d25c9fb0-24a5-4710-a85b-b1f4ded1c794,mwharram1o,rwoolard1o@harvard.edu,okolijokijuj0
"58a825b2-b7bd-4e2f-a22b-a8c2b53e221d",blafontaine1p,aandrioni1p@ebay.com,"5ed17y2e1eqab"
"3cca617c-fd25-416c-9bb4-f414e4795ccc",rgiovanizio1q,gbonniface1q@army.mil,"2zRHd8jczNwagMQ3"
"7084de7e-fa2c-48f8-9817-49dcd5fbd187",cbette1r,acurrington1r@quantcast.com,rico1108
"49b1998d-df4b-42ab-9657-acdbb0800f23",acomusso1s,mcholdcroft1s@mlb.com,Hisanthoshjasika0
fedefb4b-aa64-40ff-8c2b-535884f147d7,pbaselli1t,sdelasalle1t@miitbeian.gov.cn,ns123321
ef539f30-30d1-451d-a595-d10ce84d17a9,narrandale1u,gmardy1u@ezinearticles.com,yhixaq857
b3b1f87d-a1dc-411f-9804-b02202c2e054,cgriggs1v,rbonett1v@mlb.com,senol2020
cf5f8aa4-18d1-431e-b3e5-92f3c26c7af9,ecamolli1w,bcadigan1w@com.com,"12463773800+"
"250fc3a4-0a89-4246-a82f-3aa4af3f82d9",tmichelotti1x,sbondar1x@tripod.com,znmf48rlvlfn
"62a6843c-3454-4643-8ec8-d17870697a30",nbowmen1y,vmackrill1y@cdbaby.com,siluryr286
"79fe127b-4fa5-4fef-a3e3-cca3e929e290",agyde1z,bpuckett1z@nydailynews.com,k34523452
e234a9ab-48c2-49c7-aeb7-ae471e219bcd,rbussen20,mquade20@columbia.edu,csvinz1977
"76341155-f443-404e-b3f0-4155bb373718",toxtoby21,lhendron21@gnu.org,gijat952
"68caac8f-4131-4e92-acbd-b716bd9a6a1c",bstqueintain22,jcameli22@youku.com,mahoni81
"38c9e625-81de-4a41-a316-01db518dc99e",lchatin23,mwalls23@weibo.com,"56149722q"
"24492e41-3c52-4789-bc6e-31d6e840d63c",wchallenor24,ddabbs24@un.org,kumara17
"557931df-6f22-4f35-a1f4-4adc1b11dd9f",kgiovanni25,lrozalski25@home.pl,zenita2009
"5077f37b-24b5-4d7a-8b69-a8dc84601482",nhalhead26,fvonwelldun26@edublogs.org,asdw026915
cd1e8e3b-ad7c-4d6d-96d1-bb954dfcf445,jsieghart27,relies27@nih.gov,a1s2d3f4g5bb
a0865e4e-17b1-435f-8d8f-07baafb024b6,dcammiemile28,emattheissen28@twitpic.com,djujprbp666
cbdeed99-57f5-4d53-83ca-a2d6321b02f4,bfeake29,dgai29@instagram.com,saber50
"2c6e45b9-cc9e-4475-afe1-6edb429eb302",gshuard2a,wclunan2a@spotify.com,BgzlB7jI5MAB6ZUk
"19d681ad-d8da-4305-aea0-4bf85a571d48",rdolton2b,eparr2b@biblegateway.com,agyfyxy556
"88bc929a-e810-4052-b437-11862b727ee6",jsabine2c,jbendtsen2c@google.es,lunitalinda1
f96749f0-5ee9-47ac-831b-7341f0112904,tmanville2d,tridley2d@edublogs.org,yasbet1193
fcae700b-51a5-4b77-8f17-0e4942775ea8,hbeaby2e,gwhitchurch2e@stumbleupon.com,lab441admin
ca7247d8-9922-40f9-b6cf-7e9ee05eb16c,vlanchester2f,tdemcak2f@sogou.com,jl2sls3c
b5140b56-3725-443c-ae52-135cd4be081f,uriall2g,bcrysell2g@hatena.ne.jp,matias100
"81445bdf-d70b-44db-800f-bede1809e9a9",aeasen2h,wdilloway2h@gizmodo.com,o167387o54o
"0c3676e7-eaea-4a64-85e9-b541fc8c7b83",dbarrington2i,cpowdrill2i@skype.com,ceeoWbzg4MgmL8DU
"525dff2a-94b6-4a5f-b184-f0c37f6761b1",esmogur2j,sharpur2j@howstuffworks.com,ficko69
"9f22a975-74f6-42ab-b2ab-8999891a3a57",acottill2k,ralti2k@tumblr.com,kingsage25
d2fa0243-b184-4c76-9e74-baf01ec13bc0,teick2l,cspeeding2l@networksolutions.com,zeeshannawaz1
e9bafb26-9eb9-4550-b542-e6abf709f2a0,ofadden2m,psimson2m@wikimedia.org,soby123as
"2e7af11f-01e0-407b-8bc2-a95f81785162",sbraz2n,kmedmore2n@java.com,nerkasa999
"556f7dd8-c2be-4000-afd1-4fb77ed2ef51",rrusse2o,estanbury2o@icq.com,killerbee71
"660b5a7b-16d1-4b2f-9820-e4cb753ce45c",ttilly2p,nfrankema2p@comsenz.com,d1a2g32n
"9365b5b0-174b-41e1-af7b-baef9e3178bb",pvyvyan2q,nfrogley2q@livejournal.com,p.r.c.d.g.
"77f01ae6-dbd9-4913-90aa-5e2eccaa3372",mdedman2r,sfarncombe2r@harvard.edu,jklfds7843
"360e780a-4648-497b-ad26-98c8f47d7a56",isheeres2s,jtollerfield2s@theguardian.com,nuvika513
"36309bf1-e0a3-4aac-86cb-f8b9d55a98e4",ejain2t,hdutson2t@npr.org,"613LYNecoFypuFa"
"9c0cf9f5-610e-41ea-966d-e6356caab2ca",dallone2u,alapwood2u@quantcast.com,"1818aabb"
"8be19de3-f305-46d9-a8aa-c7ad09e8e860",lnowaczyk2v,eguerriero2v@naver.com,gonzalin86
"3d495212-cd3b-452a-9e10-75114aa8f582",wyallop2w,kblindt2w@cbslocal.com,meuface2012
"3206075e-49ee-449d-b5ce-db2b1a6bc8f8",sforten2x,mshoebottom2x@nih.gov,lyc102913
"7339097b-f0fc-4eb8-9798-c69dcd967f91",lfeltoe2y,claurenz2y@indiegogo.com,"23011983wahyu"
"2c079ae3-b41a-4e57-ab7e-53ade3abcbb8",jbambury2z,cschachter2z@parallels.com,emanuele98
"4fbcecec-4af9-4b20-a86a-bc398bbe28fb",bdanieli30,ebarnaclough30@webs.com,noqikid667
"36bd708b-62b7-449d-ae92-2098a26b4998",mbeckford31,bguslon31@theguardian.com,"44806321a"
a09ca058-7d04-4a96-b963-d81d763b9562,tmix32,dnavein32@networkadvertising.org,dom416238
"2b9c6eaf-a7ac-420c-981d-166ed9b4b8a3",wthackray33,wwoolens33@cnet.com,xddrt62
ff333805-04a0-474e-838d-e0ba3b527e06,pmayo34,etrollope34@naver.com,dick2468
"9f07e008-3bee-4ece-ab29-4221d0becd99",iscrowston35,choopper35@furl.net,"112233aabbcc"
"06c31f26-870a-44b7-877a-268d708a55da",mrubenchik36,kjarvis36@unc.edu,kero79
ff5aeb0b-be9f-4fbf-a998-dce77209c8bd,zfooks37,bvolett37@de.vu,EYT63119
c58d2329-df8c-412f-94e5-4ff58880a0a0,tbecarra38,dwreakes38@army.mil,r3alv1per
"2c42ad99-6115-4b0f-aa89-6b5e3ff0064e",alister39,rdowson39@addthis.com,"1tlsiddeu"
e8f1132f-77b4-427e-8d86-941a7b03d983,ldegrey3a,rmcgeagh3a@icq.com,wirajaya123
"0aa2e9a5-f737-4096-a379-b5046cf3c22e",kjuzek3b,shanbury3b@jugem.jp,d00ml0rd
"82bc206a-e457-4713-a361-d0dfa9bfa8b1",bmaseres3c,lbardwell3c@wunderground.com,aa010101
"049f26f7-df9a-4f29-852b-5a8afb98eb23",atopling3d,mdrydale3d@hubpages.com,xogejod265
f9fc136f-6a9c-4608-b43b-6636b4738d0d,dramlot3e,vwillers3e@mapy.cz,amin2day
e44c6126-a211-481e-93fc-e1592190d6a6,cgavigan3f,hbishop3f@ed.gov,avgan88
e62532eb-8559-4df3-9deb-19b5062c8da5,sraspin3g,kkerner3g@i2i.jp,enjoyx365
"287600a5-830e-4b09-ab6b-b221e4605468",cnatwick3h,gcosgry3h@scribd.com,wangyifei123
"13fb3150-b20d-47b6-b5c3-5341f0d970be",knorridge3i,mbly3i@bluehost.com,yinfeng3000
"999f2100-1f39-4f16-8a28-e3d4748b4dec",tavramovsky3j,cewdale3j@independent.co.uk,vieqW0Tg3NgmwPQn
"86982b31-1d30-4b5b-bbde-46e0bad85197",wmcgilleghole3k,kchiene3k@bandcamp.com,planchagj1
c14c4916-3778-453c-b52b-2bcca685d04b,klapslie3l,hballay3l@xing.com,shzkrFTkzOQJ7wVb
e2044eb9-d4a9-4590-b38c-f389713db5b3,gkolodziejski3m,jwhellams3m@paginegialle.it,koche123
"518b7342-00dd-471f-aa4a-864949e9772d",mpoytheras3n,cshackell3n@behance.net,digital12
"54f2cfcd-2c26-420b-843b-fa0a6a9943bf",pgoadsby3o,chaylett3o@addtoany.com,yumer12345
"299b9b52-db51-4c81-b946-c0cf08ee48fa",yivetts3p,aphilippou3p@ibm.com,gang2phone
"28e4ee4d-bed5-4a22-8074-314d22d64a48",spoulden3q,slavarack3q@weibo.com,gopal12345
"9da40ae2-e1b4-4660-ae4a-9a6bf8265613",tmaccard3r,fdiperaus3r@google.com,E8zCrtzI2NgyWLeV
c6d14fb3-9c01-47b8-a0d4-22f758879bef,cbauchop3s,dpattenden3s@google.com.au,vishvrv143
"224fc2f1-33f3-41c5-a904-97a3101bd07c",gdeakins3t,askells3t@hubpages.com,m101lbh4
"956f15dd-9c77-49db-bddf-e6c01c6b20a3",jhellcat3u,jmclennan3u@house.gov,iphone3g3gs
"984ab599-c917-4d52-9630-d637427521a4",ebignold3v,bbreckwell3v@xing.com,brvpdjylk18
"6528f285-5e04-4e7c-974b-7256883157d1",lbarge3w,oeich3w@businessweek.com,r4vn0s
"1dc453f8-e759-4e46-9998-e33d040aaea1",nhinkley3x,kmathiasen3x@jalbum.net,algofacil2
"390db24d-4602-45ed-8a01-12246edce8b4",vduthie3y,pcornfoot3y@princeton.edu,dinegyg246
a2ee6b71-be25-46ba-a819-196d13534574,ephilippard3z,hjanota3z@oakley.com,"9233xvrc8"
dbf35ee8-8a4c-4d87-9f4f-2ca44e69951f,mvenning40,agorvette40@engadget.com,p7vxvr
f3e1dee0-6f95-44fa-8df8-9962ab919ac4,djaze41,jeliot41@techcrunch.com,cita-cita
"1745a615-ec72-403f-8dc0-aed72cee6354",sthornber42,ltillman42@livejournal.com,NCOlM5zU1OAf8jwe
c60bb7d9-e265-4d92-9cc9-d3b9ebd987c0,cdenisyuk43,eshalcros43@taobao.com,krmaleon23
"76acdcef-8690-45a9-8b9f-8ca3d89a14a5",cjirsa44,lglover44@google.com.hk,CTlESSTIyMgPM7CZ
fe8abdb3-ae86-45d2-af13-df5c41731472,mculy45,eshilleto45@squidoo.com,joselu123
"80810b9d-a32a-4b5a-9c17-b1e56cb9dae2",pgawkes46,rjonin46@mashable.com,costache76
"9c353dba-d69b-4cd1-9980-15f9f9d63069",jtebbet47,pglanton47@usnews.com,sa7l49zg0Ng6jQhj
c1f1b8e7-865c-4c62-be3a-5534d290a3bc,rlambrecht48,mlerer48@simplemachines.org,ivozije547
e50a1aa8-ff98-4283-be92-5c36d23115c4,ivellacott49,ukydde49@google.com,k59916030
bb74665b-b8f7-4b23-8727-a3f5615dd737,fdeery4a,ljanoschek4a@webmd.com,nae4u58f
"82087630-c500-4839-88f4-bb25bc63f889",mmanterfield4b,fandreassen4b@vistaprint.com,student12
"1474246e-7587-4c42-9d85-6def877fbd8a",kcasarili4c,ldrivers4c@usnews.com,"5hs2x1Dg5MAkp6bE"
f3c9adc5-93d4-4b04-9a45-1a5c7d0e2107,rnajara4d,wcarlozzi4d@alibaba.com,jct64112875
"700c0ce7-5378-44b2-a8ab-c8e8e0270910",gjewis4e,hwallworke4e@vimeo.com,zoeira2011
e898ce0c-6db3-44b9-a887-bdd7c460f026,estrutz4f,pmckeowon4f@noaa.gov,house77
"7c226baf-e518-4d5f-85fc-8cf693355b57",abarras4g,fdraijer4g@clickbank.net,"2mke2cisap48"
"877b398d-db36-451a-8352-ffb3c55e6013",asalvati4h,swilloughby4h@examiner.com,convoy1967d
"3ed67156-6913-4d15-9216-f60f43d625d3",obraniff4i,amatthews4i@ow.ly,wzs63646364
"3fd36f64-d091-4e99-9409-221fdebc1b03",ubarrowcliffe4j,cbukowski4j@wsj.com,vmunup1
"4019d12b-d9a0-4f56-8dda-07ebeeaeacc1",kvaar4k,ctemprell4k@goodreads.com,tonyyayo123
bb6dd8e6-bf3c-4213-b6ad-ad2b994a8693,mhaliday4l,ggammidge4l@yellowpages.com,mSzZnNTE2NgfdIs4
"82a15a04-a415-4f24-8b22-91104c184301",ddank4m,cbetham4m@tmall.com,vinodbhai123
d9fcc4e6-f19e-4b45-8e16-9adce9a2e3b1,ccobbledick4n,agonthard4n@ebay.com,samaron0
"3926461c-86cb-43ba-a888-35a050756dc7",jcostard4o,cdraycott4o@epa.gov,tlppebdp39
"930d7a13-e07a-4f96-b9c8-4184d2819984",chellwing4p,mlaugheran4p@yahoo.co.jp,"123456jh"
"55a7c12f-dc14-499d-9c85-4c1a87fcc4a6",jleyfield4q,mdominguez4q@list-manage.com,karla1215
"4a455df0-20a2-4ffd-852e-d1df4842ec3c",mottam4r,otogwell4r@shareasale.com,"5w0rdf15h"
db05a22e-44e6-4e8a-92b6-14d96ed26845,ygilphillan4s,gplaskitt4s@about.me,itil12
e0ec5598-71ac-4e11-8d64-6b65dc26b738,bleahey4t,dlamke4t@mac.com,lbp101994
"6217f3b5-da72-4cc0-997f-0dd7747570df",oboorne4u,scundy4u@jiathis.com,alun1cio
"2b8c3665-909b-42d0-9e9b-324d1800bae0",dbleasdille4v,etytterton4v@last.fm,inchala34
ba3ddaa1-f4a5-4bfa-a1dd-84050295fe65,tglide4w,awillbraham4w@blogtalkradio.com,midominio1
"0fe81be3-bb11-42b6-8c8a-0e47206cc6a6",fwilbor4x,sdougary4x@howstuffworks.com,jcmb100883
e1d5e508-dbc4-4842-89d0-43b890d2d71b,vsydenham4y,sleprevost4y@shareasale.com,a68p45wh
"3fc2c40d-2f5a-4628-bf10-0b3a94a17cfa",asouthcott4z,jjosupeit4z@yelp.com,abmax7
ae90763d-c48d-4763-bacc-f2e421bd7073,bburdoun50,msupple50@dot.gov,karolina.susnina0U
"5c34eb1d-0ea5-4c1f-af8e-45c9ec958a29",aruf51,mclemens51@naver.com,numero0
a5e3ffb7-2f6a-4092-8ef2-ea1a9b0fcf5b,emundford52,snurcombe52@sbwire.com,mekarjaya88
a140e489-5735-43c0-9773-baace3aa6f98,bvalentetti53,omattson53@vk.com,aw8e4yu
"9cee4634-e35d-434e-8995-17ef4b466935",lseakes54,dpeakman54@123-reg.co.uk,w5824533
"40f25473-54d5-423c-a6aa-fb10a552557c",rvarnam55,cbish55@businessweek.com,bxirufqt01
"00ae563b-74e7-4075-8184-42406f078dc8",cpeat56,lnevett56@dmoz.org,christa6el
b31acb06-4732-4a4a-ae02-7969c5826a86,bburberry57,fmousdall57@e-recht24.de,brailyn07
"0ea9206d-af81-408f-be5b-e7b128270079",fhein58,toswell58@jimdo.com,bahlin7179
ff8c4ce4-2507-4a62-8714-0e61c3c0befb,aodrought59,mbrandassi59@unc.edu,sebo82
f47e62af-c954-4d2a-b6d8-dd1efb1e3a96,mpamphilon5a,lhavick5a@sbwire.com,wang123648
"690dbc79-0fe3-419c-9466-860621a41e26",nmarin5b,ggahagan5b@weibo.com,ikpjqxfr01
"01dc02f9-a8e2-423e-8466-12ec1db0b8bd",modgers5c,csalvin5c@yellowbook.com,<html>13476590nosD
f39f5576-6b4c-4610-b08a-557d40dcc629,dmcgiff5d,jfisher5d@nih.gov,pay18hat36
ddc3d92b-d0cc-4947-ac1f-8fc93d45fd74,vmyrtle5e,mbutton5e@biblegateway.com,r0skee
"32dd32dc-2181-45cc-a4f2-44d8c78a7ccd",szorro5f,rcleave5f@reference.com,"5rajuhu5y3eb"
"812c2d68-4b7c-447e-8e14-77bde84f057f",ereilingen5g,plentsch5g@sfgate.com,mengao321
f32622fa-7943-4f4f-88cc-4b82d7ef089d,alording5h,agraysmark5h@devhub.com,willow03
"55714774-ac04-49e5-87fb-3d5fff965970",croughey5i,mhonisch5i@hhs.gov,pjyxhvdzq397
c48def43-cd1a-47ff-886f-cb0744265018,jvautre5j,gdoding5j@unc.edu,vykM9JTQzNArCXHx
"11f365ec-e431-46cf-824f-5014ecf1a726",jlange5k,sstitt5k@pbs.org,"46vetlencha"
"2fdb0196-5e30-4a97-beff-927a01393e84",kkolin5l,gbaptista5l@pinterest.com,oliveros0012
d7f429f9-436c-4f71-8ecf-eeae0c6b7ded,cgourdon5m,ckolakovic5m@mapy.cz,yunieskid985
c7fe8c87-b79d-405b-a8ef-af4f7869bb00,jrustadge5n,tgatchell5n@theatlantic.com,w35141121
"9c81ca8c-68a3-4e50-b9ec-1c8f08a52a8c",dbenninck5o,kgritskov5o@sphinn.com,haklda74
"9f6698e2-0612-437c-b051-663c18487053",srosindill5p,rcousins5p@china.com.cn,bitch5055
"785c0ff8-b9fd-4658-8b04-86bbb71a0e04",tocrevy5q,broggerone5q@1und1.de,system89
dbd670a2-8a31-40e5-9696-cbf1ef70bfd3,hrzehor5r,mjewks5r@tumblr.com,R0zdBKTY2OAFN3h2
"0278136d-2dca-45ef-aa5b-9514c63b6129",rdimaria5s,ameffin5s@mozilla.org,jimbob2000
"7b10c6c3-3c25-4743-b2b2-01de233d9767",gammer5t,dmusslewhite5t@virginia.edu,zexder2
b03916ce-58ea-4466-b72b-964d5fe37120,klambdin5u,obendixen5u@feedburner.com,juancarlos651.
"89c6e675-234f-4404-82de-27e42e343dca",dcallway5v,cjekyll5v@ycombinator.com,rockyamik1
"82a78ed9-75f6-4bab-b737-826dc99bd71b",mhallgath5w,mcicchillo5w@who.int,dicrayoudoin1
ead578ab-2c45-4822-b60b-3f4e7e683f39,bfathers5x,tgave5x@a8.net,sedoy69
"2a6728e2-5156-4a91-bff4-8dad14824c73",mnowak5y,chaldon5y@businessinsider.com,"960248LancosDia"
d26e9a53-a374-4089-90cf-33c6fb86a60d,tvenney5z,ccyseley5z@ycombinator.com,RNG19DjgwOANDLDs
"552dd76e-bd3a-42a9-b280-08280cb3a570",gkirtland60,bverheyden60@upenn.edu,yagi1103
e6c0e4af-5cf8-4263-9fb1-28edf2759876,hcovey61,babelwhite61@xing.com,hunya5
e64efca8-5802-448d-84b1-a416a86c6465,keastmond62,croyle62@dell.com,ypecaly400
"5dd5d780-4136-467d-bea3-8fe7115d7719",wromanini63,ntidd63@narod.ru,crepuscular14
f2036599-1324-47d5-9533-7c889c94cc3d,tpersey64,thanna64@cpanel.net,yxugap153
f36afd89-5823-4182-915b-0063448d0207,anewham65,cdrioli65@berkeley.edu,sem41k
"939a3165-afce-449f-b179-2add9d3b1e2c",upatriche66,alintill66@4shared.com,kera1malu
"1d4239eb-f3df-48ea-989e-883dd72190ab",mstolte67,gcarberry67@webmd.com,"003rac"
"83ca9a87-4a6a-4d2b-86f8-0417df6b7f14",nducket68,reffemy68@about.me,kucing2008
"30d63d35-493c-4ec6-b633-e9128fa57b12",rbogue69,nroderighi69@soup.io,gcallagha1
db94168a-1368-4ce9-aa89-6f7d3549b170,kmacginlay6a,ssprowles6a@ihg.com,zackyv7
"1a237935-158b-48b2-b0a3-e3747c60cda4",dalen6b,mworshall6b@macromedia.com,khalil1
"50ee00cd-668c-4474-85c3-b0ec83e16fa7",abonett6c,ocremins6c@so-net.ne.jp,kikio12
"33b70e96-c137-46c7-a740-759b95ebdfba",ffronczak6d,iperham6d@privacy.gov.au,nhoemmai123
"89cbfd05-1755-4438-9543-8488c5db0d6f",hfeedome6e,haslen6e@woothemes.com,deniz1990
b9a9194d-817c-4146-bfc3-4900e908d6b2,ewyllie6f,sharrower6f@studiopress.com,yvegyp382
dd4c81a0-e5bd-489e-b497-e0ca259b1f25,yroxbrough6g,gmennell6g@msu.edu,cecilia1983
"7cc8971b-610b-46de-8575-bdf46ba90423",cstaubyn6h,ldemanche6h@goo.gl,"0702880487me"
c963726c-cada-45ea-9e1b-8a80cffe4dd8,ahanny6i,tharron6i@mapquest.com,efinepi736
b877523e-6b08-4b49-92fd-48acfab3ff75,kgalgey6j,pwildber6j@google.fr,c3bolla
cc3a6db2-6129-4058-ad86-bd35d1dc7147,khovy6k,ogreatrex6k@columbia.edu,ehahabi315
"4d82e647-1a40-41c3-80e9-cd39e153b6df",shedditch6l,lbalazs6l@mozilla.com,ganeshp890
"2c321563-a5d0-4d7a-984f-ea84f86c6e17",wcarding6m,hginity6m@ezinearticles.com,"4tewhanau"
bd2074f2-c919-4c99-b319-471e9845ec12,nsalvadori6n,kbrownjohn6n@liveinternet.ru,wyVIRlDE2MQGDOS5
"29f6586e-1cff-49be-a00b-908132b917c0",caudibert6o,rslesser6o@dailymail.co.uk,"786IFyFYZoMyFaP"
"446ea0eb-6f64-42dd-8fbe-6cca2e7d08f7",nfrango6p,lbartosik6p@mozilla.com,manhater04
a5d59310-503a-4be9-a952-e5ba50de75bc,ajacques6q,sleynton6q@ftc.gov,Therockrockbottom72
ab9286f1-76b0-4c8c-8c70-e222947aacd8,tshakshaft6r,vastman6r@g.co,"920601derc"
"23cb53e3-67a3-41d2-ad6d-fcfdbcdc0331",ajodkowski6s,svigar6s@tripadvisor.com,iloveadidas29
"79ad8830-a583-4e8e-8b5e-ccf3c6525103",nenoch6t,pperez6t@tmall.com,oprahw1
c65c3527-07c9-4572-aeaa-a6fd4c4c95c2,mheball6u,acain6u@soup.io,p18154301
"5e3b78b8-cfcb-41f5-8c42-65b683767316",wjenkinson6v,rborthram6v@cbsnews.com,jirachi92
"1aa6fdf9-9178-4ed5-a735-39ee0e001023",slightowlers6w,hmcbride6w@paginegialle.it,julian2434
"2442adb0-3db2-40b0-a940-33dfb10e5b1f",bwestfield6x,astockall6x@jugem.jp,A9hFPnjQwNgYeiJX
e7f5bc15-2229-4f67-baa9-ddc4c7cf36ab,cgregoretti6y,kpearcy6y@netvibes.com,biCeNywoloS510
d5149172-a62f-470c-8a4c-20f99744deac,ekerby6z,afeaks6z@hatena.ne.jp,"340184520zge"
"04b694ff-32ad-4685-9971-d2283aa29a5e",gbirdwhistell70,jrutherfoord70@oaic.gov.au,mandi1108
"2364495f-84f7-4a7f-a69d-89a9996f9dfa",mdeason71,qmegahey71@nasa.gov,pedro159
"87eee2da-8016-42aa-9cd9-a569f88e3dd2",fskyme72,smuzzini72@ucsd.edu,vidmantas0
"19db85c6-2f7e-4ab2-b80f-85b0b7854a1a",gsaltwell73,jsamms73@usgs.gov,axijyh703
"3724a484-4c1a-48e8-aff2-d1ccc6e5d10e",ucotmore74,rdowears74@reddit.com,ehito864
"9d9a559b-7d54-4ae5-b3b3-35413676619e",tmackinder75,npyatt75@pen.io,"877542237@qq.com"
"7bb77e26-b32d-4d94-acf7-aed75fca18ff",mlees76,cmatthaus76@loc.gov,darking79
"5e562166-8eb9-4c6b-a58e-976ffdc5b61d",wolrenshaw77,mtouhig77@ihg.com,sapoe5682202
d1d8e05e-6b32-4894-bba7-7999d7b2a2ba,oewell78,bculter78@ow.ly,"8wi6ic5di8"
"44a25baf-5bea-45a3-a6ea-62152c7a4285",aruit79,hthredder79@deviantart.com,plplok789
"88530a8a-7c10-43ca-b229-3c060e6f3709",mbloore7a,efilshin7a@bizjournals.com,QSnAq2jY1NwwebBm
"78e6e492-61d3-48b4-a738-b2f4921870fd",szupone7b,bmoogan7b@paginegialle.it,lisabelen30
"7cc47a31-5515-4eea-8015-65e12833381b",icoste7c,nmccahey7c@prnewswire.com,karolin1
"77f3cf60-1d8e-4ee3-8bbf-a4f21faa45e5",lscandred7d,dphilippart7d@abc.net.au,TGN1L3TkyOQP1UNn
"1b4bc197-14cf-49a7-95a1-0ea012778d80",bshelly7e,ktheunissen7e@twitpic.com,tl9SOgzY2MgZmHla
"545144cc-a6a2-4f2e-abf9-407133fa6b04",taulton7f,nbogey7f@dailymotion.com,Pomaranca√á
"246993b7-bede-4cb4-a284-044fbd49146b",landreolli7g,mtwidell7g@cisco.com,za0890488538
d6d95b79-1562-45a3-bfa2-d6161432840e,slabell7h,hree7h@webs.com,yassoubeji123
"9e706f5b-903f-4de2-83c2-7bda040fa35e",kpredohl7i,agoodale7i@google.co.uk,matanmeir1234
"22be0fb3-1246-4518-8545-fbe129a1128f",sfitzsymonds7j,mokey7j@ezinearticles.com,june12
"87245962-4f81-4c8f-a210-371bd795111d",cgibbonson7k,gcumberland7k@ucoz.com,w3bh0$+.Bond007
"068c738c-194b-4401-b68d-497672b3d073",xaristide7l,fdomenc7l@etsy.com,INSPIRON6
"0c8acc91-758d-4a30-b131-7306d6b708a9",rheathcott7m,drosenbarg7m@craigslist.org,daman11xds
"24d567ef-a034-4976-8588-1b29aec52ff5",aboatswain7n,msteer7n@prlog.org,jlXbooDAwMA6DUOg
"9dd6876e-f92f-4d4f-827a-61d8d6afedea",gdominiak7o,edawidman7o@psu.edu,arenamasters1
"8db60ed0-6fd9-4651-9b8b-4635562b0252",lswadden7p,dbocock7p@sphinn.com,p0fhv5
a699b2f8-10de-4e0c-bf9c-4b973feea8bd,mstoney7q,dlecount7q@fotki.com,hiromu-tsuhi
"71f96357-54a8-4181-87aa-28c92919ccf4",kshoveller7r,jumney7r@msn.com,lNJ62vTk4MAUGxtl
"20eedaac-0fc6-4590-9afb-2945bed4fd92",gwillden7s,ksoots7s@gizmodo.com,ferys529
ceffd05b-ae18-4969-aa4d-4699c59d1b57,mchapellow7t,grainbird7t@slate.com,sahil032
"88c341dd-7df9-41bd-a986-d19c346aa8ce",cmckeowon7u,hsherry7u@earthlink.net,vivi95
"316834cd-c91e-4cf8-974c-2a240a7d6089",pcurrell7v,aglide7v@tripadvisor.com,hsqnxwir75
bde625a0-cc35-4070-85ab-37aeef2b5fd7,gmcgucken7w,lelkington7w@smugmug.com,planed77
"98dd974f-6e59-42ec-9f30-636fb595cc33",sbambrick7x,fgoede7x@topsy.com,kiara25
"59287595-d5b7-43b1-a9a6-604c35867097",htomasello7y,mfrantzeni7y@smugmug.com,lxf7523325fxl
"21edff20-8b8a-416d-84ad-00c9dcdc95c5",mgethouse7z,aloder7z@ucoz.ru,YKNHKjDkxMwtH2Po
b2f25632-6501-40e9-9a13-8c9d8c42c9a2,gtreneman80,wtricker80@chron.com,doz17o3ew
"3d39b669-6167-46e5-9c09-03258043c882",omccurdy81,awolledge81@disqus.com,awuse385
e375a983-3fc5-47aa-b533-02aaac488b85,dwilprecht82,cmccomb82@archive.org,pgwklnce68
d2cc5d18-8b36-4010-ac94-87917bf8ed32,asirey83,pmoohan83@live.com,f91n22mp
"0cb56491-6bfa-47e9-9e84-a45d57a103b7",tviccary84,dunderwood84@squidoo.com,supermario18
b1a445ce-ed68-47f6-a7aa-1458a44bb650,jpinnegar85,djakovijevic85@nature.com,newlfbrhq7
"48fa212f-5a98-4c97-84dd-cc0481eb1e7e",estirland86,cgrutchfield86@intel.com,lalala9
"2e0a6664-7711-4f9c-89bd-136d8936b14f",csexton87,kburbridge87@mozilla.com,paripacho33
"286bf5c7-8203-4c36-85a7-44c0b68e58d3",mcoley88,eheady88@domainmarket.com,"1kestapo2"
"3660f8d8-3355-4080-8c47-6b134cf8ee84",bhobson89,clittlewood89@alibaba.com,mell1982kost
cf880fe2-0e0c-447e-873a-d3470a8b0aca,bdrinkhall8a,bfulk8a@netlog.com,admins1987
bd95cb84-ba06-4e12-bf11-0c7377b24633,evanderkruys8b,agilhouley8b@storify.com,ladown1680
"3d909970-125f-43ca-a7dc-60a45621909d",gbeecham8c,lmathwen8c@dailymotion.com,XlHxOLjA5MgN0TfB
bb3a8f1a-de11-46f7-9265-3e03575dc453,bradley8d,lolivier8d@miitbeian.gov.cn,epic06
"41a443b1-fea1-45ef-9698-87fa4fde249e",jwakeham8e,kpiletic8e@mlb.com,lylaba887
a4b7261f-b6ea-498a-bbbb-e1bc0332f38a,dollenbuttel8f,mbachelor8f@dot.gov,depeche101
ba6291a4-ac68-4dc4-8ec8-8a9979db828e,mbavage8g,kbedham8g@clickbank.net,refleks3121
"7a6e0b9f-42b3-41d6-9d2f-947996f48527",jfried8h,dkeppy8h@toplist.cz,xml2ml4kw1
"4524f082-bf29-4049-8420-0406b1b94f79",kpilley8i,nburnup8i@infoseek.co.jp,twDLi4Sd2l5ZRJZ8UEvL
"7b310719-6f8c-46fc-908d-dd0f7f9045a1",tromei8j,jkornyakov8j@prlog.org,Col1Cam2Chapultepec3LJDA
f591115e-97de-42ed-877f-5c5cc13020d4,cdawidowitsch8k,gvandale8k@360.cn,darus10
"1bfa1b96-3314-4f5f-b954-7d70714367e3",rtodhunter8l,fdanter8l@shutterfly.com,jojmim12
"28391bdb-eb3e-4000-b11b-9db6a967e323",hmacbane8m,abenedite8m@intel.com,l8665854
e6e7a07e-884d-42c0-9ccc-16e877c9afba,gcridlon8n,mbeaby8n@craigslist.org,julien89
c576328b-c1f7-4e14-9ef7-45066acf728c,icann8o,gbonsall8o@bravesites.com,vicw95bj
f307266e-c2de-4171-b617-5f1f8f6f9ad2,chrachovec8p,rgarcia8p@uiuc.edu,wfwzv29x2
"8ec002fd-7ebd-4894-9ddf-e88882d979f8",cthulborn8q,dattow8q@nature.com,aisencs16
b918fb61-c14a-4b79-a810-a716e31d8e76,vealden8r,vmaccleod8r@elpais.com,markus09
a4bfa0b4-d464-4fdf-858d-00b23bea3cf6,cblazic8s,lhriinchenko8s@ucla.edu,renemeiker123%
"93419d3c-de4f-4729-95ff-08d31c5d8122",praulston8t,afreezor8t@cdc.gov,jeegaar007
"8de7936c-a813-4c1d-bc3b-d692239cad32",rdevaux8u,fpollastro8u@gizmodo.com,mantecao26
"4752ba26-faf6-4335-8fca-87932cf2a43b",ebracken8v,mobreen8v@blogs.com,jillywal1
"277a867b-45ca-4304-b135-411d6262e6aa",ppennycuick8w,minder8w@marriott.com,"25mirna03matteo!"
"0bf0e319-d5dc-4542-96d0-e7a5445dc2df",hwroath8x,jbacop8x@gravatar.com,YxelaSEvemEX078
"32efd988-7632-4095-bb54-ec7008b7d72e",ipacker8y,faspinwall8y@nih.gov,asSpIVTUzMQ3aPov
"816d6d44-84ff-4eeb-864f-a59688897e9d",bmandy8z,egrovier8z@gizmodo.com,vol4ara1234
"2fc85919-b495-4320-bb2a-7a6cff873835",uforri90,rfotheringham90@netvibes.com,orf09mo
a1fd336c-d007-486b-b684-b13d1389c87c,acowland91,jhastilow91@time.com,w4w4w4
abc49236-35da-45a0-9d52-00615102fa63,msteet92,rjarvis92@census.gov,imuwy582
ff9c91e2-03f1-418f-ac9c-9f0e978d92f6,cmacardle93,ktrevers93@sphinn.com,"477xIPIwUTYmige"
"618b15ac-2004-4710-96c6-03b92052afaa",raksell94,mellsbury94@theglobeandmail.com,fe7weky
dfdadd76-d2d8-479e-9457-e2617218a155,bgadsden95,dgaddes95@ameblo.jp,vrfksbhc975
"6efb2a98-8410-450c-bdea-7ef427cc5eec",aingree96,spester96@bloglines.com,adgjm93
"8bfc408b-d9f7-4207-8471-412b1b517a00",clequesne97,blanfranchi97@dyndns.org,tailla9545567
"3b2bf695-e8aa-488c-bc35-df332bbe1ec0",ahawkeridge98,hhaylock98@friendfeed.com,knwscfbj87
"2ea921ab-58da-4ee2-a658-1451471e46a0",upeedell99,ugarrique99@fastcompany.com,"12three"
"4b922a7b-3db2-4142-9191-2c39b1dd82ed",kalves9a,cpettegree9a@who.int,"7HCV0uDAxNALJ7lH"
d9ae03ad-65ab-4a3c-b5e5-35d34ead1f43,rdodman9b,isantus9b@netvibes.com,junior02
c8e57cf6-9304-41e9-9fc2-714d1b2a1c09,bgadd9c,jskipping9c@t.co,"90prelude"
"18eccf98-4fc8-4e2f-8b74-4ed2db807b19",kpittel9d,rjirsa9d@redcross.org,xbl7981881
"786a6e4a-283e-4ef7-b617-11112df9703d",lromme9e,shayller9e@is.gd,"1A2S3D4F"
"6619f564-6b8c-4b15-a685-6ba847392c1f",fgirardy9f,mpagen9f@pinterest.com,udyhyda571
"38c0a585-66e2-4101-8af2-1cd4492870de",hhearns9g,sbachelar9g@apple.com,sunlry289
f58aa86c-cffe-4b93-86db-987defa9229a,ialday9h,mdebeneditti9h@ca.gov,dd1982
"39441a36-3d11-4d95-8663-dafe98c532a9",ltoll9i,bbradden9i@yahoo.co.jp,"4wllwgmic"
"00827fef-d18c-498d-a6b6-b7a40202f033",mfullegar9j,dgutierrez9j@free.fr,z023789ehi
"8d8dbffa-0387-469c-88da-adafaa0c379e",ddemangel9k,kmew9k@springer.com,atucez116
"10218941-c57d-4ab4-96f9-0e9538500bdf",skyffin9l,crubinowitz9l@nature.com,redacid540
"6965e6d9-c1cc-4c9e-b56d-65e9c8e39a06",kbreming9m,omoughtin9m@usda.gov,poi123890
"3bf0fe2c-cc80-4aea-bd32-b39694743b9b",afitzhenry9n,bcripin9n@blogspot.com,"123456789er"
"2a57c33a-06c5-4497-8623-042ebdbd18cb",ckyndred9o,gsnassell9o@360.cn,"1636252olga"
"1b53a64a-a8bf-4772-9b8b-dc571d6e1dad",hgiacomozzo9p,belwyn9p@blogs.com,marioadmin77
bee2658a-33ee-4728-9f66-49f6459f88e9,hfuller9q,prennolds9q@php.net,wqleramf470
"4cf74454-a63b-4eb7-812c-7be56aecdd38",psynnott9r,bvelten9r@tinypic.com,cLBckAjkwOQfQm9E
"06de3dac-68f0-4158-9e75-45ffe546af01",rlebrum9s,aivett9s@sogou.com,rgtczdiwh7
"28ab4a86-d8f2-4e4e-b6b3-69737ecf9bcb",mdash9t,bmccrorie9t@hubpages.com,meher007
"03210b23-2302-4e62-aa51-d6f2d604896f",jbettaney9u,cllorens9u@mtv.com,megawap1
"328706c8-a4ac-4c48-a66d-729e08743396",pmcness9v,cwethey9v@weibo.com,h12222
c3d490f7-daf9-436e-897d-4aa9cd2c0a02,futting9w,cmcaree9w@berkeley.edu,wysove553
bfcc3164-8091-444a-b930-83ac60f7e6f8,llouthe9x,imcgillivrie9x@pcworld.com,amanda3
b265050b-3b63-43c6-9aca-d77cbbd6b54b,stramel9y,bmeadowcraft9y@ning.com,vvv12345
e8e1afcd-2c4d-4912-8d52-4ad4b0c54393,psimmen9z,gmcgaugan9z@mozilla.org,o7o8kzt
ee405b47-5a1b-4fd0-bdf4-8943c768c8ae,aemerinea0,gcannawaya0@answers.com,kgzx3i4
"137d2c1c-b8e2-4958-9221-79756dfa3403",kdiangeloa1,bbera1@ted.com,satria700
"2c2c990a-097f-4e48-8543-dee3cd6dba55",stilneya2,htwidella2@networksolutions.com,"9R3Z7IjIxMwwgkhu"
"21e286cd-83c3-42fb-946b-dcd0aa05a2d4",acornfortha3,smingardoa3@ucoz.com,e3umo9l2
b6a6c662-a949-440b-8aaf-c41ae024103a,nvanettia4,jhanscombea4@friendfeed.com,hpeter93
f4c9ffbf-46cb-43ff-92e5-90adf5068612,bcorwooda5,bredmorea5@a8.net,"672500gjj"
"43acb193-adaf-4012-b817-792d2bfd0848",mchidleya6,qpolottia6@360.cn,xyvub901
"42d9619f-5678-40ab-ade6-cfa99272c53b",alambiea7,delvidgea7@unicef.org,"13269123A"
"11fd43b2-3a10-4c00-89d4-03dc8d20eb81",pfontellesa8,cmathewsa8@tripod.com,ejafuto794
be0648bd-0f54-4cc1-b552-a74419ec320e,vtibblesa9,arubinshteina9@google.ca,june06
cbc22585-6fac-43bd-bb05-3fc8c4b3f23c,lmartinecaa,gpeaseyaa@mit.edu,k0124767470
c3c11077-ba0b-4ff8-a52d-6b07dd2086ee,aleyesab,amillamab@diigo.com,iloveremmik.
ab131985-a50e-4571-bebf-0f6ab19f39db,sandrickac,bfazakerleyac@unicef.org,gezamyr852
c6775b87-1971-4ea2-9104-dede7306775d,jtroutbeckad,vfilipovicad@yandex.ru,YAMAZAKI82
"741b9a74-a16e-4204-8920-37817899c54d",dlorenzoae,estonnellae@boston.com,harryins09
"022ce683-4ba3-4fbd-82da-fdb1c83fd059",mcastiglioneaf,bkleemanaf@sohu.com,nikolka1
"183d3ac7-00db-4fc8-8f31-a3fdf18813d9",ttadmanag,telsbyag@mail.ru,sbMSmlzU4NwKyHtJ
e24ac634-5a97-452f-84cd-50c0202b1e66,gbiasioniah,fslossah@businessinsider.com,soldado17
c35d8b65-f565-4e14-9634-c9c4ed0cff02,aoraffertyai,fkohlertai@creativecommons.org,sh0my922
a4ddfd50-6969-419b-9f97-9bca8cc12eee,bskinaj,rcoareaj@ucoz.ru,motorola12
a0d6a799-2730-4c84-ba8e-654db5a9fe35,amicheletak,lallcroftak@cpanel.net,lhnwepi349
aed86577-6989-420e-97e0-2f89999089fd,grainyal,gpatchingal@blogger.com,onuqwgim1
a6c461c8-5c8f-45f1-a423-1b3365dfc3d8,hwalthewam,olegeram@tinyurl.com,lNoh0IzA1NwONuUM
"62f1b785-1cb7-4809-bb20-7ec40a976a09",bmannakeean,emakeran@gmpg.org,m11l11tqm
b4338608-df36-4a79-899e-94c3a4cb5515,kmullearyao,puttermareao@wired.com,ouassim27
"1c6147dc-d1ee-4a36-9888-49f531123620",aclymaap,lpellewap@exblog.jp,iker04
"45bc5cf6-d6d6-438a-bf2e-5747014d731f",lhabberghamaq,helloitaq@loc.gov,qzvcmlybs06
fffd9a9b-33d2-41ca-b63d-36030ebebfbc,smcaveyar,ogreenwayar@msu.edu,camhepob53
"5180fe81-7fe1-4256-8e56-0784012e66c3",tloselas,rduffettas@discuz.net,edel1246
"46ce84e7-9d3c-4027-a7fa-ced50612e756",fkrinksat,smustoeat@census.gov,lawenodin12
"6fbf7232-2e61-45b2-9e04-f3a391629c20",cmandersonau,droddamau@reverbnation.com,deniro850
"935b70fa-5d47-4ca5-a9a9-dc792aba0d3a",phassurav,tlangwadeav@eventbrite.com,ugIwoSitEZY469
"4543e2f3-0c3e-4516-a7fe-ebc7abc6a1f0",jhalewoodaw,ebrownhillaw@about.me,vardi3644
"7041857f-e921-4bff-86dc-a88fae4b4ec3",cpierpointax,ewhewillax@typepad.com,efAHefacOjeV363
d9222e9d-534d-401e-b164-338564a494a2,rpinockay,lmooreay@parallels.com,"5866480a"
b62ef769-f455-4e9f-aba9-5c7dcffd6763,saishaz,rhiseaz@boston.com,grosiz1592
"30ca78c8-4782-4825-93a6-05bc307bbfab",nmarjanskib0,sgronallerb0@addtoany.com,KpJumRDE5MgGF7er
da0e0620-375a-4b61-9266-962b131c5ca2,oellandb1,gmuskb1@shop-pro.jp,krhtcovau67
dae8baa0-97ec-4d62-b96e-f15cf343d14e,fshielb2,cohanniganb2@imgur.com,magento77
"583a935b-9b8f-4162-86c9-9cb1c2e922dc",efloundersb3,tfriftb3@msn.com,yoga65shinobi
"1fa78f23-cf68-469c-aefd-85f9154df167",dwarrilowb4,clucianib4@alexa.com,biru13
"46c7f2b2-a26b-4714-bb36-367221cc6f37",tdecopemanb5,jfittb5@prlog.org,hacked2012
"8517c34d-88ce-4aca-9578-2aaeb65a154a",lpledgerb6,hbergstramb6@jugem.jp,qq8940600
"2dd812fd-1311-472b-83d6-52ac9fca097f",pthelwllb7,enovillb7@mit.edu,"1intracey"
"37c83dd8-d34b-4609-8f46-b55b07d64556",esimkob8,ndescroixb8@sina.com.cn,jonasdio123
"392f9a41-8ab8-4a74-a6fb-4fcfc914db2f",cwarlaweb9,iaimericb9@netscape.com,panther10
d0dfeb14-b78e-4b61-ab37-9eb467033845,oaronsohnba,gmcgowanba@comsenz.com,j67bg766
"59bfb52e-b140-4646-99e4-30a3e9dcd5b5",scislandbb,ztimnybb@yahoo.com,cvtisb333
"127908cb-c519-4696-b3d0-64ad7339d14f",mweldsbc,amorsheadbc@indiegogo.com,jikyzys641
eb634d41-7338-425b-9596-cbef5aa88405,ssemainebd,dfittallbd@lycos.com,james2k12
"89b44d15-d8ef-4644-9c23-29f55bb1c32f",pcallinghambe,rharmanbe@list-manage.com,jabii7
"10a43bf9-514f-4439-932d-24fb1dd02ed2",jhorderbf,bgengebf@icq.com,tuli0web
"1adb79e1-9ea8-4532-a9b0-f32d139cf3dd",hbartalotbg,dcogzellbg@cdc.gov,hathor000
"771050bc-ccf1-450f-b7ed-995b735ff855",amaccookbh,lickovitsbh@nhs.uk,aaron0720
fe551e08-7ff5-408b-a99c-6f2cdf5ab029,tnoonanbi,zpitfieldbi@npr.org,fe3pnb7
"895c9175-4014-4dc7-9f96-bf323a26d025",mgallandbj,totterwellbj@foxnews.com,wtt8dm3cpm_jesus
"9e1a027c-087f-4d22-a2bf-852a050e51e7",cspraberrybk,lsalmondbk@time.com,b2o4svi9
"29e940ea-1799-4ba9-aa4d-e9f48fe4ef4b",hbellaybl,groomsbl@bloglovin.com,rabbit2
bb458160-e936-42bc-b9b3-05f186e6aaf3,ecartlidgebm,mcolbronbm@google.com.br,npgGFITQ4NAoKx2W
c0d4c15d-da31-46b7-9f05-c5bc29f4e016,nhaestierbn,lwadforthbn@yahoo.co.jp,"0813bagus"
"532d086d-909a-49cd-aad9-31d579e997df",eghionibo,hkovnotbo@naver.com,ploki4521
f6b38330-88d0-4f8d-a69d-49052f2204ab,adorwardbp,adevillebp@infoseek.co.jp,delicee111
"58d65fe6-c203-4e45-84c4-33aaf2d9d375",cdonettbq,sspehrbq@jugem.jp,myadmin1122
"9c067813-6cb8-427e-a398-018e7e2448ed",iatlaybr,yempsonbr@issuu.com,gusito111
"301aac51-2e51-4c4e-9252-8f77df023543",leilersbs,jchapmanbs@freewebs.com,"0jEe4VTcwNwc3gdm"
"98bd1877-17a2-4c4d-9485-aff751256297",kwitardbt,kseccombebt@cmu.edu,mcsmoke14
"5a457d34-3c93-4cd3-8e67-97a676df1c0f",sdamiralbu,llaskeybu@amazon.de,kiwi980802
bf7f6907-d6ed-4227-bd9e-4b0237bbf9f2,lbulcroftbv,koolahanbv@issuu.com,lasarus1
e3babf5d-3677-4ccf-b639-758074fb7dcb,osiggsbw,bclowsleybw@youtube.com,blackberry98
e271664b-dfed-468f-ad98-750ef3d60912,gbrettorbx,mthongerbx@slashdot.org,torito123
"8e0eecae-5b20-4c55-bd7b-378f8dd05f1d",tpiggenby,fbeekmannby@businesswire.com,yanderato82
"58e0124e-fc78-427d-aade-fdb5bab42fc7",cbirksbz,lmccomiskiebz@over-blog.com,caramelo123
"87d9ed67-95af-4f6c-a033-a3d195abb57a",elinec0,dtyerc0@zdnet.com,FzAhuvTQ1NQvnX7g
"32ab9b02-9ce6-4864-be51-a42cdf0cb80a",gtomkissc1,sbaggettc1@state.gov,gunawan18
bf736fa6-914b-4ac2-bee7-19479ca8cb6d,gpargiterc2,ravraamc2@ehow.com,khusnul08
e7221a8f-585b-49e3-88d5-1a185c367e28,edunseathc3,ffendc3@ycombinator.com,huesitos00
f571e349-fd2b-4ca5-85dd-158530511b24,ndolanc4,cmartinetc4@elpais.com,dipuh350
"6ba87ee5-8ec7-41f8-ba2d-9a1b6c40c5d2",eleftwichc5,cburreec5@ebay.co.uk,mcufrjion613
c7079a15-eea1-4a14-8940-ddc2eec81826,jdobrovolskic6,abruggerc6@princeton.edu,liliana1825
e9ddeacf-18fd-4fc2-bcd5-15a34573af92,hcassidyc7,lsweetmanc7@nytimes.com,firenza123
"277f19f0-1b9d-4904-984a-3122a01e4ef2",bthemlc8,shamlinc8@furl.net,"277681*yacjac06*"
"448e1856-a682-42f1-af2c-cdc581dc7040",fgaythwaitec9,mkrollec9@msu.edu,lakygowy4
"5475796d-fa8d-408b-bfca-a9cba5a11483",ttimsonca,sfurzeca@intel.com,hvjkscp375
"64aa09ea-6c7e-4072-abdf-25c324710077",gplacidecb,asheabercb@google.co.uk,oddo1234
"54012193-d869-4fd1-b131-38e42cc0b8b2",ctilliardscc,kgiraultcc@statcounter.com,"930iZynEvYpysIt"
d9b900a6-7a8d-4396-a72b-fc9fe0b4ceb6,lnielsoncd,jtalecd@squarespace.com,h8puma3
c0b5635c-d657-403d-a459-9d9ce53c81f6,gdavysce,fezelece@archive.org,vipe2105
"4e1f5f49-7cc7-442d-90ba-dcb7f1e5024b",agroundwatorcf,nmacmenemycf@photobucket.com,altera10
cfb33b84-f339-4b9f-8af7-e339ba7953a7,irohlfscg,mrajchertcg@webnode.com,"851208wer"
"7e8b7ff8-d86b-49fa-b41a-6d679f1408b6",nsandysch,obillaniech@ustream.tv,daniel95
"24d059db-e77e-4f63-ba01-a09c85f40537",mknillci,ajurzykci@cargocollective.com,InekuKegagu093
"04acf527-dc2b-4324-b23f-17d0cd5701ef",vcartwrightcj,bgookeycj@wikipedia.org,a2432121
"860f42d0-3973-41a4-a799-772587b8621e",thallamck,tbalfck@facebook.com,ibobbax1
ef0586a0-5e9a-467a-9171-197127f1002b,hallnattcl,mothickcl@sohu.com,UnUDyjykItIB269
f23eac24-93ab-46cb-a666-cb5ff4d20f54,ecorrcm,olimbrickcm@naver.com,love8465
"74636b8d-037b-4d8c-9971-cc2d075ca232",ktreebycn,mfeldmessercn@tinyurl.com,HYkLdATg3OQULuhT
b4af5e9f-5d5a-492f-8e98-26d38312d211,lwithinshawco,rlastyco@tripod.com,rzxproyect14
d028e934-fcb2-4d52-8344-e44632f4c341,rlinaycp,ajouhancp@bravesites.com,ovicy784
"37902a91-51a7-4404-9f26-3e7b6dbf8dfc",mmeashamcq,forrumcq@yandex.ru,marzo1385
"9b17dd1a-1df5-4439-83ca-48cdcd7dc358",trykertcr,hhrinishincr@google.cn,jose645768
"3bdf28dd-d2cd-47ed-955f-967f4d136790",sklischcs,vjacklingcs@ox.ac.uk,ylozi1000
"70bc1492-6b45-43c0-8131-0fe426c70717",lkunzct,rgartenfeldct@go.com,parolasik12
"9da097cd-3d47-46fd-bba2-a1d7847c1572",omccurrycu,achasmercu@census.gov,pahowit744
adcbdfa4-1dc0-46b6-a363-809a87daeeab,keskriggecv,mflellocv@booking.com,bhenchod159
"4468a2c0-a76c-4334-ba64-c87720aff9a0",dcamblingcw,akilleleacw@java.com,RanggaFarel09#
"3d463af0-b9c4-403b-b26c-7264a7b85fa4",rcrantoncx,lchidzoycx@psu.edu,"16121971bd"
"20561fce-0725-4dfc-b437-71a25adbecc2",jclowneycy,plaurentcy@cloudflare.com,rocky35
"4d5b784c-7496-460c-890d-8b31863111b6",cmievillecz,mpetrushkevichcz@blogspot.com,slayer900
ad2249fd-ecf2-427c-b7f3-108657ab50a5,wbroomfieldd0,vleggd0@sitemeter.com,skripsi6
ee138d32-7e24-48b5-899a-9b7c5f9067c9,gduffried1,flevicountd1@issuu.com,m19833243
"82972327-6cf8-40ba-96f7-5cacb99b0bcf",awynesd2,hchoatd2@indiatimes.com,xg32gb
"1d639598-f903-4f5f-b788-82343d27ace5",mduchamd3,wgeed3@omniture.com,rfakhan786
"6abd9746-284f-49c2-a12d-36eba9cb5964",shabbemad4,dhardsond4@msn.com,l6gqt9u5r
ae28c249-671a-4f1a-aa4d-053b93659c85,ddeversd5,brobertzd5@google.com.au,juventudes1
"7517bd8c-86a8-4e0f-9c03-ebc1a72c8a34",ngarlickd6,oocuolahand6@nyu.edu,YbD61yTc0OQIvfos
"3406b4d7-f67f-4a7c-beb6-14a206dfe25d",gambrusd7,fharperd7@jigsy.com,strongman10
"9ec49700-a52e-4262-8959-fcdceea4d503",efarryannd8,phund8@issuu.com,ymelt7083644
"2a43264f-99df-45ff-a692-16c07eb2b8ae",tspellingd9,bkoptad9@nytimes.com,yJTo9ijQzOQ7eTDE
d1e6ba9a-d051-41ff-a1a0-777670d34955,nharbisonda,clerouxda@clickbank.net,wan007
"7853a1b8-b2ed-459c-8c25-466afa7e6d7a",nradkedb,cquayledb@ftc.gov,vimlesh33
"5c961ab3-a677-4c07-8308-1b1a3401fe02",fgaitskilldc,alivoirdc@cloudflare.com,zyudlmnb5
"8f4c55e2-7953-4c9a-aa5b-5be5d92bbc9f",pburgottdd,egotharddd@apple.com,just4you2
"2dcedcd6-7a68-43cd-810e-928901762c05",dstaubynde,dtoynbeede@tamu.edu,kaiser12345
b80eec85-f14d-4ad0-9e90-64f06af2880e,bwalesadf,dorneblowdf@google.fr,rdsrds123
"38445458-f4a2-464c-ac3a-22d1028052e6",nsailerdg,hmcmurtydg@yahoo.com,umoxtwe963
"6aea1a3f-8cd3-4319-8188-20fe8ccf7802",lnussendh,jyukhtindh@earthlink.net,janek1
bfa1774b-7dba-46fc-94fa-77325f146ef9,jhardwaydi,mroondi@auda.org.au,juwvrhp075
"9e663516-4567-4a35-8758-9e8f2d7e92fe",fjodlkowskidj,kwhelpdaledj@bbc.co.uk,metro5000
"86bdb798-0bf7-423c-9a20-d76709139af6",cbentedk,mfishedk@berkeley.edu,"5jYsMhTc1MQZ6SxQ"
"69c9e225-4859-4d0b-90ad-f51068a21189",dboudadl,asummersbydl@fda.gov,pywiji368
a772981a-f01c-4b34-aead-2838f4283edc,jlethbridgedm,rthornallydm@vinaora.com,PENG130173
"4f2fe57d-e6b4-431b-bc43-f35d4e0cbc8c",scottagedn,ecurneendn@businessweek.com,bahari6374
"16747b17-576c-4699-a4e3-70a54c031fbd",ghartingtondo,acawthrado@indiatimes.com,mao369369
"486d8320-726a-4897-a115-d15b6bcb81d9",eholberrydp,ptullisdp@cyberchimps.com,"2ratas"
"355bc03e-9f6e-490c-8c46-70c55e58fc45",ksimmondsdq,jbartelsdq@chronoengine.com,MohamedNakiboudine22041995
ffe08bd5-c192-457b-97bf-18a32da2afbd,swolfitdr,eovernelldr@unesco.org,"84210juh99"
"67cdaa19-9bf4-493a-ae93-59a37ce66ea1",cpetrazzids,dpetrasekds@biblegateway.com,loris94586
ab236687-a749-41ce-b2ae-7d489754953d,mdictydt,tjankindt@eepurl.com,awcdf1
e830c808-dd6c-44bf-9853-acdc3f8d048f,bpavierdu,vlecornudu@jiathis.com,sh1suk4
bd0b5f33-e539-45cf-8e86-a0322e8a9a8d,bpaprotnydv,dceccolidv@google.co.uk,kenzey1993
"3734aa77-4ecb-40b6-81f0-1fd03b9d68ec",ddrogandw,zgransdendw@webeden.co.uk,fitm1234
d43ddcd8-cd07-44c7-b48d-bdb63b26529d,mhazelgreavedx,nsoftleydx@mail.ru,toha52
efb240af-740b-4c21-95ee-734c9faad730,prenwickdy,fmoquindy@sciencedirect.com,"1388muhd"
"9875da7c-d269-4cd6-b662-99f4b5b0ce09",dkitcattdz,mhugnetdz@wunderground.com,dago12
fa60eb56-6bc8-41f3-a33c-05b84814a267,fhagguse0,agladbache0@purevolume.com,"1UldPLDgzNATJpKG"
"2f201200-68c7-41dd-8936-43ba196382b4",rschohiere1,jleggee1@uol.com.br,verg10up31
e6f616be-9ec9-435a-9fd2-1a2dcada548e,rcanapee2,mputtene2@nasa.gov,eqomu958
"21f7e222-20e0-4180-89c0-11091314ba73",jcrosbiee3,atubblee3@newsvine.com,O2KTsFDYxOAcTITS
e68357ca-3027-48fc-8d37-da762c7e961f,sfraylinge4,crathbornee4@scribd.com,"0o9i8u7y"
e7c5dcb9-76a9-41bf-81f5-75785ace5654,cbaisone5,ewelhame5@army.mil,cx1984312
f3855153-0521-4542-8e61-f7d5eedc5d42,lsquirrelle6,veberdte6@nsw.gov.au,jf1598753
"52fb1531-e57a-4859-9df2-65668e835fd0",ocollense7,hjimmese7@independent.co.uk,pysqzrukl9
f81671b2-7440-497a-a87f-e15d55151778,joldacrese8,hsmeade8@tinypic.com,iamchildcare21!1
"29222c57-3630-4f3c-94f1-e7df47a21cef",csansone9,mjinae9@europa.eu,roger10
"80cf0acc-71c9-4df0-b01c-d1edc6db4031",mgadsonea,lmorsleyea@home.pl,"424yjENOzadOHOV"
c27dfb12-a9e8-41af-a8f2-6d957b9dc0f1,gizhakeb,oklasseb@independent.co.uk,momolavache1
eb2ff627-27ac-4e5d-a298-c63f50260410,mohareec,rbolithoec@yahoo.com,cool2800
"4dfd892a-d60f-4873-81e0-dfbb545c106e",wshoebrooked,sdrainsed@ow.ly,"90oskitar"
"1be02342-2cce-4027-89f4-55cdac3b13d6",bcrapperee,wmckearnenee@newyorker.com,"2302231wlz"
"92883eb0-8736-461f-ac7c-dc32739795cd",pbaseref,rcoolbearef@answers.com,a469gb1900
d025f727-8c24-4796-b06e-5e46e6682d1b,emarioteg,imatusovskyeg@zimbio.com,mais2013
f8b6306b-b065-414a-aab0-3623b181da79,hgrealyeh,dbristoeeh@ftc.gov,cl94ub
"6e617c73-40d2-4f08-8d40-85befd4d47ac",rberthotei,sverdenei@salon.com,marstar123
"14094d8e-83f4-45e7-ac4a-704a518941d7",ascamwellej,okasherej@berkeley.edu,"111111g"
"8c929a65-e31f-4af0-bd9d-2589bb8587cc",ksterzakerek,igerrensek@drupal.org,qazsdf123
"9c438bc7-848a-40eb-a6db-41e42650ad2d",etorrijosel,ptrewhelael@vistaprint.com,azsoibpqu2
"5e8d3437-9d9c-4fc2-a9e9-38ea293b95d1",rlamperdem,ggribbleem@godaddy.com,Csicskarozsika1
"88b33c8c-1787-4d4c-918e-fa8f8516058f",tcarletonen,mbedellsen@comcast.net,keerati34
"1e18dae0-3bcb-43a4-8f68-3e8f279ca53a",wbolderoeeo,jarnholzeo@a8.net,ru25ng19
c75b7ab1-995d-46eb-95b3-7e11014a5692,anewnhamep,tdodwellep@webnode.com,lIh8hmjkyNAuwsdw
"0f87394b-fcd4-4ccd-89e4-772cd46111af",sglamarteq,dflaniganeq@sciencedirect.com,mygala1
"1cb60943-3ae1-4fab-adcd-c7c8af3acbb5",mbedener,clongstaffeer@tmall.com,koijwzc691
d549ef21-7b9f-4b1b-8baa-f68dc75c2c47,lpinarees,dbebbelles@pen.io,panetto1
"05377c89-bfaa-4b2a-b52a-d576f2f36299",fpinsentet,lpingstoneet@psu.edu,mhaibarz15
"6b968fa4-d06c-49a0-92e9-083036be6bd3",gburgheu,wgottereu@bravesites.com,"5n9q9q3l"
d6d8a060-1a4c-41c6-ab12-3a451b7aebed,zbinnionev,djutsonev@uiuc.edu,gamesrev1
dcc171dc-80bd-4191-8677-832b86e89616,smassonew,aerasmusew@nymag.com,saou5oo
fa1dfba0-7d2c-49fd-b26c-6e2a8df63c5c,tdymidowiczex,vjanauschekex@alibaba.com,littlepunk97
"7519bf0c-7c19-4207-87c4-498636097bb7",jrowetey,dfraschettiey@hubpages.com,zajebiscie16
fd6ddb0c-cd07-4e61-a693-b74983d4a347,ogooddyez,ldavenportez@multiply.com,keeshond09
"4ef8249d-c19e-4840-b81d-c08631e285aa",lanstisf0,nvaneyf0@wordpress.org,trcix001
"4d99a722-00e5-4bbf-bfd5-367118b83e5c",srajchertf1,gdimitrovf1@washington.edu,"03119688s"
"7351723a-af18-420c-bee3-93db88ed86ef",odalwoodf2,hfrisbyf2@people.com.cn,kozos12
"098dd0e9-2166-4c10-b1a1-833d8f8bf52e",kfitzsymonsf3,szanardiif3@icq.com,UfJqrmDE5MwiTGe4
"493e8acf-73d3-4846-8d0f-e62bd2889a9b",ikirkbrightf4,kandrusyakf4@hp.com,stalone2
"85f0e821-d58c-4055-88f8-26ff2b186527",gfeatherbyf5,rwheildonf5@godaddy.com,greggerg80
ff28bbde-9791-4acb-b2dd-64aa97c51d9f,kjustunf6,ocordetf6@cafepress.com,lectra1774
"0476b1b5-da72-4d63-bc41-86e92c380466",elamartinef7,tollef7@indiatimes.com,"22id2526"
b0d855e6-33ca-4ff4-bcad-aae0038390f1,wflipsenf8,gbuckellf8@stanford.edu,yos123456
b7ee572c-5a6c-4067-b870-9a5c55c152d3,lfentyf9,jbransgrovef9@house.gov,CLT4457122
cd95034b-6368-49c4-be52-445c9c526aac,rfulgerfa,jwogdenfa@51.la,vewabib492
ce6c733e-e369-4783-9900-d0f97e7599bc,llotzefb,fkeavesfb@prweb.com,gKzZNLpeYX2DdRr7
ea93cd5f-f22b-4015-8aeb-d122d839e41a,mhaddrillfc,jdavioudfc@google.co.uk,cihkoynf5
b6c4991c-03f4-4907-839e-d098a5284843,ccamillofd,yjuoriofd@squidoo.com,ye9uc7i4fq
f9f2d501-d69e-43e6-90b1-904c77d97c67,gknowltonfe,mkenwellfe@statcounter.com,"789fgkEY78GHfhl073"
b0b04e7c-6a43-4436-adc1-67394f586098,zblagdonff,gharbachff@dion.ne.jp,a7a32a3m
"3c05b535-e8ec-4602-89ff-134d875e0837",jhaydenfg,rmounchfg@timesonline.co.uk,sessa1020
ccd321c0-1e7d-45cc-9e61-78c5288d4d8e,bmcneilfh,iamayafh@blog.com,ycipivy694
"31f04a92-6148-4f3f-9691-284a3ec44c25",dcollinettefi,blaidelfi@ca.gov,dybete436
"31b2689a-e6de-4e1b-b296-b4a5c902e00d",awaylettfj,mlamdenfj@smh.com.au,v8vhdl2f6qlb
a85ca6f9-b901-42c7-adb0-3346bafe2f4f,mgendrichfk,ahastedfk@unc.edu,tea1037sejaya
"1ff2ed26-fa7a-4e83-9b53-a80c3be3562d",grickeardfl,cligertwoodfl@noaa.gov,jpoqfkdl0
"248a8f80-d036-46c8-9146-2f2e93694d02",mtruelovefm,groisenfm@unblog.fr,"751958gyd"
ce900381-0d09-48bf-98b1-612de6a55dde,dtebbsfn,sgarroodfn@gov.uk,"2tgpdst"
"50600a5b-0e55-4526-bec3-dfd3589687bc",wkopfo,tcurreenfo@w3.org,kajangboy85
"5679201a-26d1-4b91-9580-89284e8820e9",mbaythropfp,msimmellfp@phpbb.com,skiart47
"10197122-f915-4deb-bb41-ccd98a39399e",ldobrovolnyfq,dgowlerfq@ebay.co.uk,s1234567
"128cae82-1e80-47ba-b883-ea1c8937f107",eabelevitzfr,kdalyfr@imgur.com,zappzapp1
e740e678-4f63-4762-8c87-372f7a936ccf,dcamillifs,ssandayfs@dell.com,w4923787
"5995b0b8-a9c2-44e7-83bd-2a6f3a20ba46",asarginsonft,jvinickft@bigcartel.com,amit220088
"37be5ea3-0ed3-4357-9ebc-dfbeec36c1b4",lchatbandfu,vbisterfeldfu@slashdot.org,ypyba635
"3767b742-c203-464a-bd4b-c12b4a1e6e75",iubsdellfv,cblackhallfv@wisc.edu,liqyr520
b4326574-1b42-486a-a162-7f6ae0dcbedf,dsoarfw,ryankovfw@cdbaby.com,r8sm9a1r
"60fd80c1-f606-475b-9bbb-bb3144af6925",rdenziloefx,mmolanfx@chronoengine.com,xylofoon12
"9cf51d2a-dbd1-4cbf-b483-215c77d4e2a8",jleonardfy,hsomnerfy@wunderground.com,sisma1234
"788eb4ad-0571-4147-b0a7-dfc75d42d818",cgatecliffefz,cperilliofz@goo.ne.jp,wacumair01
b93bc58b-53a4-4c3c-b975-a78440b7fddd,crappsg0,msabing0@upenn.edu,mamata1
"144a3395-6f82-4eaf-88ca-106bdfd9d790",jswanneg1,kgerredg1@sourceforge.net,webale52yesu
"62701b5b-6a26-4e77-a0a4-e5a704ab6137",cnewvillg2,astrangeg2@dedecms.com,swlpucnbo3
eb9a8bd2-eed9-4ac2-a797-059aa2b71df1,mrannellsg3,tmalking3@mapy.cz,"098dda"
c6e9b983-de3e-4c57-a4f3-815dd8a04685,kbrydeng4,bsperryg4@msn.com,j424163429
"26294c92-5962-485d-a482-7ba8808cf4de",sflowerdeng5,tgiovaniziog5@mediafire.com,o09pb6do
"134a90c0-f44c-43df-a3c9-45a55c150306",flampelg6,klhommeeg6@youtube.com,vena290409
ad1df605-9af3-4a5e-a956-a2c9bbd8c171,dgillamg7,gaherneg7@fotki.com,xevybof669
"3a892eda-3229-477a-81ad-3ad3552fdde7",clevertong8,yfarfolomeevg8@time.com,gGqBcITM3MAf5nfn
db3baebd-80ad-4e67-b890-86ca39422c9d,bnettleg9,rschultg9@shutterfly.com,Fmg3sSzE4OAfaSVw
"586b8a2d-3cc0-449c-89c5-ff000abe1078",gwattinhamga,mgriffittga@google.com.br,segatto21
"6b5a5b8a-9cbf-48a0-9a5f-dce4ef5bbf5f",svolksgb,gstarbuckgb@vkontakte.ru,hK7hwLDg3Nw0nsW5
"29c86b17-b379-464e-bf05-1fd7e8b9add5",bnibleygc,lsilbygc@yelp.com,ojiquza305
c1178b44-e6f7-465c-8665-7e835128c28e,jhinksgd,sklaisgd@answers.com,noemi86
"5a81aab6-13da-4ee6-b7b9-f55a5fef0fff",mdellerge,ftrattlesge@google.com.au,teltron123
d5fa76d5-c12e-45ee-bf45-2510e6923a9e,bglazergf,jmanilogf@twitpic.com,marin1993
"282d0848-57cc-41e0-9899-984cc565bce4",mruppelgg,swynrahamegg@nsw.gov.au,jpftnmuv1
c4cb3ed7-c11b-4cfd-8201-471ed3726eec,whenriquetgh,aladdlegh@xinhuanet.com,m2r15rwx
"49b20182-8828-4454-b2bb-65f2d0fe396f",shauxwellgi,cpassmoregi@hc360.com,seifi359535
"559a070e-dac2-40d4-a4de-abf1864452c3",cstrowthergj,msarfatigj@comsenz.com,"31ago1995"
"09dde556-f69a-4a44-a6bf-6edb065935fd",olivseygk,rdowdneygk@goodreads.com,fhq4941610
d8a99591-357a-4479-a009-02d4bb0f0296,gbendixengl,jvasilchenkogl@google.com.hk,ambemaa01
"1d1581f2-f887-4219-a934-5378d856f9c6",gteffreygm,rswetmoregm@tuttocitta.it,"123456kaya"
ae3be138-8080-43a4-86cb-02200f124da8,scattlowgn,ccroomgn@yahoo.co.jp,jay225225
"68cbd5c7-c938-4a39-8436-9485d97a9f0d",cbridelgo,emacadamgo@stumbleupon.com,cozzie212
"377b4b82-bdc4-4588-9dca-786aa771931d",ejerramsgp,mwhitehorngp@theguardian.com,kANCHANAGARWAL1
d18ece2e-102a-4038-8178-af49b0deba99,smaccrawgq,vgodspeedegq@plala.or.jp,ivanwin2013
"273df475-4594-4d71-8847-987be6618045",ljerzakgr,cmazellagr@plala.or.jp,mQS7DNzQ4MQ0ajGc
ef16dc89-2e2f-4918-ac80-7fa77b228676,mburtenshawgs,dsappsongs@blog.com,ily2deaf
"4d1c91d6-f68e-4598-becc-22322b1d8681",nmeneghigt,mjurschgt@yahoo.com,waELLOLO123456789
"54cfcba8-5b61-4550-961a-e3e29a82ea44",bklaggesgu,vbaggotgu@twitpic.com,itesoft1
cf1c25a6-d681-4eaa-807d-2459350ea957,mgradygv,odemangeotgv@webnode.com,esur23
f581d487-bfda-4589-9157-876d7f5683b5,ejacopgw,xcasterougw@imdb.com,tkfwwv7
"282ed58f-142f-4395-90d0-7080b383e19c",glinggardgx,rmuzzallgx@unblog.fr,lnzidkj6
"2d2fa6fd-c9ee-4c1f-9918-d2ea2828d246",drobiougy,pbaniardgy@nifty.com,sman83
"642000bb-cf56-4edd-8434-785c8158d994",parlettgz,mbernaciakgz@blogs.com,matsuoka91139
f6bb7be8-7a6c-4b94-9915-89c060ef67db,mtottonh0,molechnowiczh0@home.pl,amrit6227
"65925ece-0417-4684-96b8-a61aa0b4d774",vcockshuth1,jrhuleh1@chicagotribune.com,zzw4505756
b0d6b5bb-e560-420e-a591-d203c174a320,oaucklandh2,nbirketth2@mozilla.org,pipemon123
"07130a2f-dfeb-488c-942c-e1658e1f4c45",mbordoneh3,rkytterh3@nytimes.com,whatever09
"9eac2db4-cbc7-4ada-8079-bac7f2a0dc9b",pstawellh4,ewhacketh4@myspace.com,v9j3gz5n
"27d6f639-363f-4a5f-b7fd-aecbcfdec3ad",erannieh5,jmattish5@eventbrite.com,drwest336
a6636384-0a83-4f78-b998-c204b5d0d331,vbesth6,dgorellih6@wordpress.org,hlyqgoas8
c14d3b2a-ecf8-4630-853b-8a8d08765b96,rlalondeh7,abroadbearh7@ibm.com,dirtydowning1
"15753afd-c1e4-41f4-b13b-d7b179c90f23",sdebellh8,hlerganh8@imgur.com,nds2009web
"5414bb18-3c16-4d9d-b035-ae3b4072a9f8",araineyh9,ddinnish9@i2i.jp,vnlu5na
"88bcf7dd-ca94-4d6c-aa44-f049b48cd08c",jgreenha,nbaertha@marriott.com,susana15_julio
"5600f72a-756e-4342-b964-1fd0c5dda3b7",ogottelierhb,ibaloghb@printfriendly.com,j.magamis
"0ebf7d57-19d3-4e17-8e47-3be35803bc8d",mwesonhc,pbastenhc@naver.com,melina25
d2226640-b187-46b6-89a3-69aedf8e065a,aaronstamhd,svanderwalthd@vinaora.com,cemil84
"0bf2d550-aac1-46b3-aea6-4464ccbeae1e",granvoisehe,dwurzhe@fastcompany.com,gecavuh459
"194a1519-3550-415c-aa30-4d7b84f392cd",tfairhursthf,ncrissilhf@liveinternet.ru,sawa123456
e740d042-1598-4e2d-861b-c9363a55c1df,alemarchanthg,hmcgroutherhg@360.cn,fajQDojQzMQr7gu3
af97f662-f59a-4ec7-af9c-f3f973475de1,lmidgleyhh,pwasielewskihh@cyberchimps.com,"9y72fx68p"
"88835a66-c25b-4f64-97ab-6998e7ea105b",rbrightmanhi,kbaggetthi@cornell.edu,eko180794
"3385a98a-b804-4136-9f07-ce67c014ba1e",sgrowdenhj,kcressarhj@who.int,"11Ewhimhiobxu3"
f7aaf359-1b07-493f-bc6f-48dfe60c425b,rgoardhk,frathjenhk@canalblog.com,moto6972
"081f10c3-7acf-49e4-a870-175d706652d9",rsiegertszhl,kfoleyhl@cnbc.com,saga3001f
"099b1179-f075-4502-bbb6-2d069bfb597e",rderoberthm,fcritophhm@cyberchimps.com,eliminator12
f5d241dd-4ab5-4221-b641-2fbd19eeb711,mgethinghn,dbenkinhn@umich.edu,klawugeni1
b9dd1fdf-5476-40b1-a44f-bdaca1a31271,amaltho,xexonho@cbc.ca,vigar857
a82ad314-1660-435c-be69-3ecab53e5d4a,amavinhp,gbrandolinihp@hud.gov,iheyavjkfso8
"1c18cd2c-b362-45a0-a426-cf7b8b005326",clidgardhq,aabeauhq@unc.edu,"9251qudtls"
"3a26f10c-d9af-4ae6-b522-09b7ecfea450",ellophr,pbeininckhr@ucoz.com,sergei480121
"9124c3de-4874-4f8f-aed8-f3996accd0d8",dchasehs,lgeddeshs@ucoz.com,pillo1997
bec196b1-81f4-4aac-8502-b58eef811da6,jtenmanht,bhingeht@uol.com.br,suarez6910
"1c2f1ca0-9ca0-41a9-84cb-a78b28d6721a",vkilroyhu,jfluxhu@icio.us,bbqhk9
"1b0dd383-189f-4ae1-8737-1af15c3bc64d",jaddekinhv,sshearhv@free.fr,dothemaf06
"6b4ac379-da67-4e5b-8fb2-41fef3bbd465",bbenedttihw,erymerhw@ibm.com,zuWulyLiWArA649
ddbe5813-361d-4fef-b89f-183b0204b1e3,nlegathx,nwyllcockshx@wix.com,vitebsk2005
fdc7ca9a-1736-4c98-8b20-e99d1d6aa039,rwaterhoushy,ialleburtonhy@noaa.gov,parola1234
"66b4ae51-59ac-4415-b10f-9155b579ca6e",tlernerhz,fnormandhz@walmart.com,m606277900
f2c17890-137b-45a1-9e0b-28ffb71de11d,marroi0,aiddinsi0@mit.edu,j2c5b1310
"833a22c9-31e8-4c18-9a0e-b525563b22f4",thealyi1,clebelli1@vkontakte.ru,personeria53
"196d0a8e-b5f9-46fc-8182-0b10d519280c",afoshi2,tmerciki2@va.gov,sdn kepuh 1
"0c118c1e-8e6e-4a47-a262-1f00598f1a18",tsteagalli3,aturki3@opera.com,"05aefzwb"
"6fc8f1c9-2086-4f09-8262-e190bb498d28",cinmetti4,fgodridgei4@networksolutions.com,lmlm2003lm
"77db0444-7ce0-457f-8e8b-9e8f15807900",dcastletoni5,pstowei5@discuz.net,y889abbcef
"039b53eb-a673-4c68-896f-decb139178c0",dacresi6,skeppeli6@squarespace.com,mayya.zavrazina1M
bb754ca1-dfef-41fe-9178-7d236796b0e7,bcracknelli7,estanwayi7@microsoft.com,kifuo0704
"33ee62ce-6128-4853-accb-00287d1e5a63",gcraiki8,jchateli8@rambler.ru,kitrock12345
"613e1bc2-b2ba-43d6-af6b-e8c7a828eed0",slagdeni9,lofairyi9@discovery.com,caliente21
"854bcf7a-f92b-4bc9-ba8b-21199b0a1dc4",wcalderbankia,bfuzzensia@skyrock.com,perhutani1
a5a10ac3-2e55-46e6-9ae6-d8e1d0cd9f6d,lscurrib,blamyib@wufoo.com,q0OOCoTU0NQq2Ixi
"4ddd2808-7957-454b-8bde-9711089378c8",hfettesic,dpickervanceic@mashable.com,beaa3it
"02bc4c63-a29a-4e71-948e-3ea5c537484a",vtimlinid,cbrightlingid@163.com,nam4zyf42afu
"6bc6f9b8-6beb-47e3-bb09-c2fbf8f67a42",rbrotheridgeie,jdicheie@dedecms.com,axaba573
"78ec7082-3c4f-488a-91dc-77d5620a3d36",rpiggensif,wtebbeif@berkeley.edu,someone2
"84ecb511-d35b-4c63-a526-f974f589e966",abeniniig,dordishig@gmpg.org,karlos200
"8663fe48-1d36-40a3-954a-24b3285b6ad9",fgrigautih,cfloriih@prweb.com,quzala970
"2d2abc40-e71b-449d-b91e-ab17c2de6c34",rmilkinii,siscowitzii@utexas.edu,prietyzinta7
"62a38b4b-f375-440b-ae76-cefcee5b06c5",afeldmesserij,rbarlaceij@g.co,neymof13
"5d77d1f0-88e6-4b3c-8e7f-96293f1fa982",rpolkinghorneik,nvianik@goodreads.com,Angela70986019#
"5bde5dc0-e1c5-452a-96cc-e0e60533f3db",arowlattil,smckoyil@go.com,"05325479042m"
"7826a3b3-1dca-4cbf-866d-f272b63f2778",bfriseim,hlamdinim@upenn.edu,sina52
"77ce1549-82db-40ad-9c3d-9a6669ee7e55",aornellsin,tcosbeyin@yahoo.co.jp,max159410
d1fde1d7-c46b-4900-b1e0-0423c4b19957,ncuzenio,jthyngio@usnews.com,edaxywe118
"9dff6116-ed43-45e8-969e-be98e9f24153",gwhawellip,bfillimoreip@state.tx.us,tclove1
"2218cdc5-78a9-47be-adb0-f581590f6981",jgilcristiq,pdeenyiq@acquirethisname.com,mayur@9510008006
f3e72bc1-6f34-4edb-867d-def2be020fc3,tsaurinir,sdominelliir@theglobeandmail.com,callum02
"651cf729-ef0e-41e7-b61e-c267045dda95",btatlockis,pjurisis@vistaprint.com,pdmcrew015
"34e4a8c0-b82a-483c-828f-3795d57b210a",rarniit,sharhoffit@home.pl,e0891867
"99886e10-a917-4262-acf6-a1feb7824b9f",hschneideriu,sdolleiu@forbes.com,acufe676
e28ecfc1-3b4c-4847-9c51-1e64ae6a44ea,mbenardetiv,nmackimmieiv@cbslocal.com,vukhf1
da31fff7-6aef-4a7b-957b-fe7f4de13bb9,dbrunelleschiiw,bwoolhamiw@chicagotribune.com,vinberma64
"261d3616-27f4-406d-be77-e83c613f5933",dguillartix,dshawcroftix@uiuc.edu,ccpx16jUxNgY3KrY
"13550077-5f35-499d-8054-d44ffd05478e",agoadeiy,asangwineiy@hugedomains.com,skn7n2yu
"8bb02527-a5c8-437b-b9a4-c42a94eb2341",srearyiz,rjakubovskiiz@acquirethisname.com,"123456XX"
"78818605-f7ee-469c-846f-db78f28c5fa8",pbengerj0,dwilldenj0@wsj.com,WILLI17
"1e744efd-d916-4abb-b55f-62d8ffa43ef6",bmckleodj1,dlipsonj1@ucsd.edu,sq19770429
"14add7cc-a695-4111-9c41-fcdd201f24e6",ajonssonj2,mloncasterj2@dell.com,porfolio1219
"948ef48a-7d34-4d6c-adcf-5084060c680f",bricioppoj3,jmiddellj3@forbes.com,negocio22
"7238bd75-4d58-4c5c-8fba-b343a9af3b49",ovanveldenj4,jkedgej4@state.tx.us,exadole345
"3802eaef-3134-4ff9-84e5-261e0682ce63",rcastillouj5,bmeeusj5@google.com.hk,sahara88
"78a6175d-8d28-47a5-ae1d-579525297e0c",nmulfordj6,scrowcumj6@icio.us,florida1
f520ccd3-1564-4a3b-b957-9d16c017eb1f,lhethronj7,alimeburnj7@scientificamerican.com,yligic304
"1ee0b814-34c9-45a0-bf4f-6bb4957a798d",wdunkinsonj8,bosheaj8@addthis.com,tohef679
"8f05a6b1-883c-4c41-a324-540d21fbf628",tcorradettij9,brouchyj9@netscape.com,eceguw186
cfcec639-bd8a-4b68-ba5f-1e6d0a85a578,rshamaja,ebeatja@dmoz.org,mtojlpfr503
a2308e88-6cfd-42df-8862-0d0e9e114560,tandrolettijb,vmarsyjb@buzzfeed.com,bhadeep1
"4858b09c-1263-4888-ab7f-664b7adf8fad",amanolovjc,dcanfieldjc@mayoclinic.com,puccini1
f8ab1a7f-4399-4e12-9164-f8cdd5800c9a,cdensunjd,hsmelliejd@fema.gov,ab2205
"80a5c972-4502-485c-8ceb-67398040d1c6",smacknockerje,dpagelje@tumblr.com,eviroji844
"6ac55512-9b50-4d7a-a422-8e56593a0b57",kstroverjf,gbriertonjf@macromedia.com,"11Ewjhdhshqdf5"
"180d5429-e2a0-418b-bbab-db2bdd4d00a7",dcapstackjg,amaddersjg@ameblo.jp,zzzzq112
de899fa4-756f-4cab-988e-1af2038c482a,ksummertonjh,ichattenjh@hc360.com,klteam2012
"8b242c4c-62e9-4ef7-abd1-634974b0f2db",dravenscroftji,ajinkinsji@wikispaces.com,julio94
d8c10b6c-1d64-4f7c-96d3-79842b043b7a,eragbornejj,cmelanaphyjj@instagram.com,Nathyjesus4772
d5ac932f-0b20-4b19-ba1f-695885b5a1b1,mlomathjk,lheeksjk@issuu.com,"123maman"
"2448e1ff-a0fb-4ed9-a46b-0841e983127e",ppigfordjl,mgobertjl@drupal.org,jmacohk20
"897b9836-d97e-4388-9388-4f7423564244",pcapejm,mpughejm@un.org,kolli5573
"4a754ebe-54d3-43ee-a9ce-fba24f4e73c9",wgoodingejn,aduprejn@google.fr,ldhostvl1
"32d2dbd1-5d68-4905-a577-4efa1b7b43de",bcurtissjo,dleevesjo@cloudflare.com,josejm1
"730895a3-a478-488d-9653-a92b82e84075",halenichevjp,uitskovitzjp@1688.com,yusuf210206
cbb93983-098a-45e8-915a-cb60a8e6ef5f,ahaccletonjq,alomanseyjq@mashable.com,cmK83MjE5MQuRPVB
"5d38a760-befe-4676-9376-2a6fbb92f9f3",stunnowjr,ceastopejr@cpanel.net,mamao0
"78f0290b-27bf-4cd1-9462-6edf8933fab9",ryakovlevjs,stappinjs@ft.com,q3344887
"2c468452-f618-47cf-bda1-a3a93c227e66",vgantjt,apoltonejt@nymag.com,BN1OnCDAwOQKb54s
"79402e1e-4f68-45a4-98b5-ecbf4cf831d0",lhospitalju,debbensju@bing.com,dnyth9pw
"706ef689-6880-4f29-b92b-9bedc1dbbdb6",wcastagnojv,tgovesjv@nasa.gov,anding123
"05a13133-5429-4107-99a6-f6bf8ee232d6",pcrippinjw,dmilksopjw@t-online.de,jairo5573
"7472f935-7cfc-4f6f-b7aa-2b159b1e89cd",rrizzillojx,rkinigjx@eventbrite.com,paijao1
e1503ddb-d5a8-4557-98b7-b07caec93cec,mballsdonjy,rfeatherstonejy@cargocollective.com,dreamgirl12
"796a45a5-bbdb-463c-ad52-4f7b84f404db",nbowderyjz,dlonglandjz@csmonitor.com,joseperez1
"8914fb29-ae4b-40e3-9924-7e2e25bfcb40",srestorickk0,mmammattk0@harvard.edu,whoopie123
"65370f46-14e5-477c-aff0-2e5b7f0901ea",adallossok1,dcasinek1@vkontakte.ru,dany1231
"369ed22c-df28-44a8-ae69-e63f122c775a",gbootherk2,lmackleyk2@ocn.ne.jp,wefatad525
c6de91bc-2875-4dcb-ae29-8b549e3e806b,felmank3,sorrillk3@shareasale.com,tz1gxc7
"7cf8a234-4c87-4465-9342-9c0cf9c35417",mepslyk4,hgallagherk4@rakuten.co.jp,renttric1133
"890f858b-a145-4e52-b878-f34c1af337c2",wrissonk5,kdowtyk5@shinystat.com,"2MJMpNDU3NAk4tf5"
"8fc4cf0c-deb2-49c1-82d1-cd5919404701",gbarsbyk6,cmilburnk6@cnbc.com,KSGosOTg2MwNAhgU
a7367c3b-d574-4df9-8642-adb2e2d3f7dd,bcrigink7,jsynek7@bloomberg.com,"19821423q"
"6715b864-e5ac-40b6-b37b-a9df4bf3e1a1",achallonerk8,nmoyerk8@topsy.com,tarakancik84
d07e70ad-9971-4464-a53b-23afba0c70e8,kgreenstedk9,ldunkinsonk9@nps.gov,rtrtrt555
"473ee7ec-0316-4a62-a218-712ce4197cca",rgarritka,sattersollka@ed.gov,tanaqah291
d20c68b3-2693-4ee6-81c7-123c5863e130,jitzkovwitchkb,claurentinkb@narod.ru,ohmbqb9
"52d8560c-808f-403b-b27d-eb7686f93e59",kshoubridgekc,cgrundkc@blinklist.com,gnMuj1TA4NwpU6xm
"9dad094e-9e04-4c8b-86ea-23907572df7f",hoganesiankd,kdupreekd@home.pl,a19881103
c69f2ef6-737f-4f3a-91e4-728f23a888ea,jizatke,lcorroyerke@theatlantic.com,ocidota640
"80a45fce-7479-4d00-acf6-1043e4ee91a4",gloviekf,bchivrallkf@bing.com,kiris26
cf77dd03-9f3b-434d-a065-1cdbaf1fd54c,idefranciscikg,mcritcherkg@reuters.com,wall030612
"11672b6b-84e4-4da3-93c9-2d601a2979d7",fberthonkh,abuckeridgekh@cloudflare.com,javier2010
f6542e4a-7210-484f-a0a9-4d30f6d3780b,edemalcharki,mhelianki@eventbrite.com,intecu8
"5d34a48c-329a-41de-b0e8-21b15b6e0153",rdehmelkj,btabarykj@zimbio.com,HMFTGVjk2MgLX1tC
f4247792-d055-4416-8580-428c2305a5a7,kbuchettkk,vthirlwallkk@clickbank.net,mlody91
"6bc1cb02-70ef-4240-be91-abd4f5280319",cgorellikl,aibbittkl@oakley.com,mmaria123
"6f177a0e-75b1-4307-93bc-47c286047737",eschottkm,rrestieauxkm@prweb.com,jorrge1
f968cbd4-76f2-4a62-84d8-ed130614ec6b,cmcareekn,hmckimmeykn@mail.ru,dfp0f8x6
cd4bb6e9-c31b-4a63-806c-b98b9efbb1aa,rewbachko,cweatherallko@admin.ch,ilias786
"31c8cb10-daa3-4146-ac8f-4cae9cfe455d",gsmidmoorkp,dwitherbedkp@a8.net,slovenia1
"04760818-bedc-4cbe-9184-73367bd063d1",pmaxtedkq,sworboykq@cbsnews.com,"196iMOxYCetoKer"
"11eebea7-41b0-493d-80eb-863817f57a20",lphittiplacekr,mtryekr@yahoo.com,"20cartmel"
"2e28895d-05c1-48ff-a670-c036badd5970",gblunsdenks,llaverks@shutterfly.com,nalul183
c32e6628-b196-4734-8d14-43472ea5b515,vjephcotekt,rsnoxillkt@reddit.com,h4iy4n
"1a65b02e-093f-48b7-9662-f6cda4b0862b",gkempsonku,oedyku@boston.com,genesis88
d51e572a-42d3-4fc1-8c90-d80912e0689f,ebieverkv,hrooperkv@gov.uk,qwer56
a440b0a8-9c9a-4e16-a392-9f33ce9d72fc,mshwalbekw,cwingerkw@blinklist.com,youssef485
"8d95f83f-34a6-416c-8101-45843d581474",tattargekx,cszwarckx@google.cn,g3tr3ns3t
"74cedd3e-3d41-465b-b6e8-12678c75ff21",lsabbinky,kdzeniskevichky@senate.gov,"445566sci"
"6e9053e6-5ceb-4381-a597-3a046f81bc33",schavekz,vredgewellkz@wikipedia.org,miragha15
d543310d-d2a7-4b7b-a584-af7d959ed292,rcrothersl0,jpocklingtonl0@google.co.jp,falcon282
"76eb1c09-3be2-4dab-bde4-0bd18d0c7679",ksarahl1,kumanl1@cbslocal.com,passwordm7
e37c8af6-32db-42e5-bfda-338b9b3a4687,lbrookwelll2,pruprechterl2@posterous.com,"7edgar"
bcdf2692-38f1-4cf7-9f29-fffc01f0c4ee,zgotcliffel3,bgiovannaccil3@shareasale.com,cerdos1
"96b1ab7e-bc0b-448a-9929-bd3a4576c0d0",jcoghlinl4,miggol4@wikipedia.org,"1000knkn"
"2a09ba65-a4e3-49b6-8895-8982f8b41adc",skneall5,rcroalll5@ted.com,cezubid818
c3ba7f52-add2-41c4-b2b8-8a7253ebf9e8,pheadyl7,ccaughtl7@privacy.gov.au,efebib574
"4e5915f8-a77e-44a8-9f54-e9617adc6b7c",whebbsl8,mspeirsl8@blogtalkradio.com,staticx1
"3c0eea73-3993-4338-961a-b766e10efe11",fteapel9,ceyreel9@surveymonkey.com,maricor823
e63416e6-7d8f-48c4-91eb-4f9bc02d9691,arobbinsla,mabdenla@icio.us,ZhAtXKjc5NAy8bLE
"88225d1f-8776-4b71-809d-1afac82a05af",gbleasdalelb,anuschelb@amazon.co.jp,aldoaldo!
"3026cf61-9c33-445f-8e3d-549df488845a",igullefantlc,gjurgenlc@shop-pro.jp,gizmo123
d5501cd8-57a4-456a-8be9-8f04ab999a59,acudbirdld,badanetld@clickbank.net,"6YHNmju78iklo9"
"95582921-be51-4121-b50b-a4f0063dd3f2",sgulliverle,jkellsle@mashable.com,mrhanky1010
"9b1f0380-7e48-416d-83d7-f60304db3d7b",derringtonlf,bosbistonlf@dot.gov,insat2012
dfc394b1-1427-4185-9cd3-b0c1a861cf72,smafhamlg,flamasnalg@umn.edu,"159236kg"
"6fbdc5a4-1b3d-4a71-92d5-8db96fd7b98e",lyakubovicslh,mgreenlandlh@constantcontact.com,tenpskoqc509
"84bd8e98-bf90-490d-a034-9a689e17bf1c",bhurrionli,gdansonli@google.com.hk,oy2yzbb0hys7
"64a02a8a-6dd9-4da8-913c-767740991dc3",tpavylj,dtabererlj@narod.ru,justine09
"6f7a5dc8-a60d-4931-8555-395857141c22",sjanatalk,tstairslk@upenn.edu,rayado1
b7eaa53c-7b05-456f-b834-6971505eb57e,rtidcombell,rgrewll@cargocollective.com,"8wj17mf4"
c9cdf07e-bde2-47a5-87e6-93d816a6cbf0,lericssenlm,ratkinslm@zimbio.com,hakan123456
"55c3e019-607c-4c12-8da7-f6a5820e1b25",sdiemln,cdussyln@youku.com,pawol881
a0860902-8cf3-4ba9-9f3b-94ab9284c44e,fdurdylo,dclethrolo@cornell.edu,g135531135
abb324ab-199f-4769-a906-6880760e797c,dplaschkelp,afaustlp@census.gov,ho1256986
"3fcf850e-42e4-40ce-8cb4-6cf84be52b28",htremouletlq,mouverlq@sfgate.com,coridhkea9
"8550925f-7629-4806-af86-1574fdfaaedc",inethercottlr,cmarllr@dion.ne.jp,talmud1
ea2e14a2-153b-4a4d-96ec-e280940a7124,kfoxleyls,nperryls@jiathis.com,ekedaq369
"02d4c4c6-123c-4ed1-bf97-c018b699202e",rcesconlt,oruckertlt@wikimedia.org,pak12pak
"9e112725-4178-4d09-99c0-1ca0309a2520",smatthewslu,kleamanlu@nationalgeographic.com,cLRV0nTQxMwQ5LLV
"85889ee6-690a-4c01-b67b-ada087474feb",dklementlv,lstrangewaylv@bravesites.com,"2UGPwFcU0D8EUIyr"
"1a7a73e9-290e-4a66-a021-dbc35d4daa4a",ujosefsonlw,agipsonlw@w3.org,deo2621366
"17875c9a-7be9-4f18-914a-7a5e05564809",gbacksallx,jkidbylx@army.mil,baja02
cf4c3ac8-7659-41ec-822a-04d2943f8567,jworsterly,mnornasellly@edublogs.org,aa831343
"78a60d5a-e951-42db-b371-c919862dd48b",kblinkhornlz,aruminlz@i2i.jp,opevub869
"074acb46-7c24-4fae-ac75-e088ab9813c8",gfrillm0,cjanoutm0@odnoklassniki.ru,diagonal1
"91668564-dd3d-4e05-a9f4-0b78c604b0af",ndaggettm1,agrafhamm1@is.gd,"3804878yes"
"41392db1-70d5-4735-803c-5c452d294269",acaldronim2,gcaesmanm2@ehow.com,ifacaky121
d818526f-fcca-4070-863f-3260f2874d3a,avisem3,jmaitlandm3@furl.net,verygoodday1
"4d1b1021-fa57-4ab6-a14e-07422a2eb31c",lvigrassm4,gmacmenamym4@princeton.edu,tuna3336
"8d6a9448-95e7-4d45-990b-e8e5d10a01c7",gmarplem5,lscampionm5@purevolume.com,"0rltnl9gy12u"
"4028ddb7-6725-44e6-a626-c559679f7834",nkightlym6,amalzardm6@va.gov,link6989
"64c79409-c8a1-445f-abb5-afa7497e562c",dmalitrottm7,mgroocockm7@google.co.jp,ggc203
"26069141-31fb-4fdd-9966-4fbfd2b0e5ce",kblakeneym8,fpadulam8@sun.com,ijygyv703
"75b94599-ee07-43a4-8dd6-08ea6cca8e57",lroobottomm9,sslatem9@pbs.org,tyy739542222
fb4b7e6a-f7e0-4cdc-991c-3cbab7a53c7f,atrahairma,lhammelma@google.nl,"9128infy"
ff99c134-f4fa-46e2-8ca1-94ea801bbc45,shuginmb,vivanmb@dmoz.org,m9581284560
d973a83d-fa87-4f1c-8e30-37f2502a4518,tionnmc,rpicoppmc@xing.com,"4197813bn"
"1e3041b3-ddc0-47b8-b720-5c6bb0d6d0e3",dmaccrackenmd,nsayermd@jalbum.net,biksbl1
"096e83a0-9721-4775-bb84-38ca5069d00f",ggrinovme,atuftinme@wunderground.com,q6fn7d9k5r
d9f70f86-676f-415e-8a2b-6824229f68af,fmcelreemf,dronanmf@topsy.com,qazwsxe123
"708a81f0-7ac3-4c84-b017-913746171986",jpiotrowskimg,twhewaymg@jugem.jp,euj12wssx3nj
dc365ef9-94ae-47b8-93b3-b275272867a8,amashalmh,cmassimomh@dropbox.com,paulo96563402
"2b67926b-08ed-4a9e-9c64-1f67e2cb7ebf",tdustingmi,tdennissmi@dailymotion.com,maria08
"7e37d77a-3af7-4d9a-8073-63d26db856fd",dkelloughmj,pscottrellmj@netlog.com,negative9334
c3e93f6c-d988-48ed-a703-30e1671e69d6,rdunstonemk,aboultmk@wisc.edu,surti19
ffec5586-42e5-4848-b5f9-b80d9cd58cf1,grubinml,ssyresml@dmoz.org,khankimagi01
b02e81eb-4433-49e5-bf82-7b479365b787,rfoalemm,dfroommm@intel.com,"1988wdtbh"
"8ff82068-a9c9-4a24-8572-06c8e600b54f",wlordonmn,dbleesmn@umn.edu,zirufen680
e35876f4-78da-4b36-999d-9cdca9b71be7,clittmo,cverneymo@goo.ne.jp,"1joseluis"
"577336f7-d972-48b9-b76c-c5e8bc13293c",dhasseymp,aluthermp@i2i.jp,commando99
"7ea2be69-55d5-450b-a271-181ec709c918",rgarvinmq,cchadwinmq@upenn.edu,gu3exps
cf356acc-d7f2-4c43-b372-7d228b0b1078,bedsermr,jcoggenmr@over-blog.com,reality1
"4d5f661c-37d1-4d1c-b2e6-e7972050a8f2",fealdenms,bgaynorms@wikipedia.org,y1nn1y
"221b9ab7-fab3-470f-a7be-b2a582c5925c",rwinneymt,jcowdreymt@utexas.edu,"2008azahel"
ed3fe8fc-9d1a-481f-a113-ec6e7dbcb6ff,swhichelowmu,ddavetmu@patch.com,ln780429
fc8a3260-6cae-4731-a2b7-fb345a1cf09e,asavaagemv,eallstonmv@ibm.com,tfudmlp21
eb9e8ff7-fd0c-42ba-86df-8cfed4626e1a,gkedsliemw,nrodingermw@51.la,"68064560lp"
"148dcf42-6a40-4d84-a885-adafcdaf51ca",afearnillmx,gcaldronimx@prweb.com,"324667883n"
b4a15571-a293-40ab-bfa7-a22732ddb34d,adoyleymy,dbasemy@unicef.org,"835nEkYcyNyRaz"
b342bb13-8168-44d1-82ec-2e807ffa784c,mlippattmz,mcammackmz@shutterfly.com,mule1234
"9684f11a-599e-443e-be5a-06a39beaaa96",lcherrisonn0,bpeatn0@blogspot.com,jvgpt2epi9p3
"31657c88-a186-43db-ae17-986812fe4818",jfairbanksn1,bmceniryn1@bizjournals.com,gomox1
f00c5b24-9385-4b77-b8b6-608659c1dce1,fadamthwaiten2,elambournen2@theguardian.com,"4nei3c"
"3d0316dc-3125-4962-9ab0-17e18d0671c7",ktidmasn3,ochutern3@scientificamerican.com,reddragon17
"0373b729-12f8-4337-a3f0-6206b194ffca",atantonn4,gfellibrandn4@pbs.org,"9ypldzro71"
ae8b26b1-7c79-439e-a92f-f8e68323104a,lbortolazzin5,maleixon5@ask.com,max08jlfe
"16a64e7a-2c26-46a8-9b75-7ab7ec91c92f",bfolkesn6,pcodronn6@china.com.cn,xaries123
"33073ac7-091a-4a13-8636-05d2fa9abea1",twhillockn7,ajosefowiczn7@nytimes.com,andyelfe15
f24436b6-440b-457f-b41f-1fe4a84bc3d1,dgiraldon8,gthorsbyn8@nps.gov,martinha7
"2a023bac-557a-442a-8ff0-e2794015de83",bweinmannn9,mohanveyn9@soup.io,nwOhKljkxMA7V5R0
"52aaf815-5949-4410-b8a6-d69b52f59e8e",ltincknellna,gastberyna@a8.net,bloody911
"81e5ff2c-8baa-442b-b767-298a4e6ccb72",gschuttnb,mnylesnb@infoseek.co.jp,ivyclan00
"854697c5-0dc7-46e3-8fbb-81e1132bfd9b",dnewardnc,aclemonnc@netvibes.com,kimanov666
bd7d6538-3d65-4f9a-a9a0-2af332baed7d,kmaddernnd,cjennond@about.me,Iwillnevermakeyoucry1
"23864cd9-a0e3-4da9-99a9-48e67beb51b6",cgillicene,mmacgaughyne@lulu.com,"7v4CayzYzOQUatfs"
b83a8b2a-d1b7-49d9-92ac-5796acae2292,dmadgewicknf,ksandaynf@prnewswire.com,zhangmol2000
"09456689-eb7a-4995-ae76-c0f2a252a5f5",tganterng,jbartosinsking@miibeian.gov.cn,huful776
c88d35c9-e029-4367-81cf-410b9ae25488,vcomellinh,salastairnh@state.tx.us,dead25
"59d56237-5655-4d14-9af0-c77646f36406",ballchinni,mfallonni@aboutads.info,lAVvDwDYzNAk6dEB
"93a1a2f3-c1f2-4879-865b-97792de05e1d",aschadenj,jstoakesnj@pcworld.com,sasha97
"38cacf6d-9665-452a-8abf-826e1ba81b00",shassennk,bburnsidenk@ow.ly,kamibest95
c48bcc4d-be8f-4e53-8a11-f163c209147c,bearienl,vcarsnl@lulu.com,"71jl79u2"
aa820cf9-6ae2-4c9e-8e71-977dcf0b2e2a,mstraneonm,bondrouseknm@disqus.com,"225eb225eb"
e3a58625-0fc5-41cb-8323-e8fa9a2fb8e7,rmcmanamennn,glogienn@homestead.com,"1nf1ltr4t3"
d16aa6ab-e31c-45e7-a29c-53c19c8ecc9f,dnultyno,jmencono@pagesperso-orange.fr,avonaza639
"7cd349c5-540d-4e06-b0e5-b9ff9221a59a",gwarriornp,jmaccafferkynp@redcross.org,sdasd1
fae6df71-8425-4f7a-b5e3-8a9921486eca,nfranzonettinq,wdraytonnq@github.com,anubis9895
"581e9b4a-c1aa-48e8-aa33-c30e668e61cc",rpanasnr,ptukesbynr@narod.ru,paska90
db9d2dca-e8dd-438b-b337-4c8ac772d456,caltenns,rdurrancens@mlb.com,brolly7
"915c38f6-f8a7-45c4-a3f9-90edb95725af",aiglesiant,klamkent@parallels.com,doremi22
"996226ce-5b48-43d5-8420-cf45483a872d",fsapsonnu,ssennettnu@networksolutions.com,"42IBt5zcwOA7BwDU"
d56c3a81-7833-411d-b3b2-a3d50dbc4c1f,dcocklingnv,csiderynv@prweb.com,kazuma5617
"1b88dd51-954a-4507-98e4-ecf5f44cef9c",bhydechambersnw,rsphinxenw@feedburner.com,eragon666
"589247fc-0c73-487d-841f-edb2237fc764",bgundersonnx,lclaibournnx@google.co.jp,RoazRpTg0MAaO8Zq
"8e944dbd-9efa-4575-a58c-5c47682b8942",hpowtonny,acargenvenny@state.gov,akeem14
"2d60e960-dbcf-44dd-a06f-c422a2d83eae",kmacfarlanenz,psulllynz@delicious.com,manling101079
b1ca5a9a-5b03-4008-a8e4-dac71d910d70,alamertono0,rdoreeo0@infoseek.co.jp,"19790719QYD"
"72f2c1aa-a333-48a1-b085-b0d2d6b7d3d4",apeltzero1,hgherardellio1@discuz.net,zyf890609
c1202c96-0bc5-450d-a56d-7f1c2028623b,gblackhursto2,hdourino2@uol.com.br,q2INlTjI4NQ4Bqp5
"29e1d6f0-2ed5-4ac2-9bbf-a9235455dc47",mturrio3,ibullero3@blogtalkradio.com,d!gv!j@y
"65df8e9b-60a4-4e16-b27e-585525bc4725",dgaulo4,jmccorkello4@ted.com,kikiqi28
b770d641-2c4a-4f41-b071-98c9fa8d92a6,amagsono5,ablandeno5@edublogs.org,judelyn07
bf9a7597-a0fa-41e7-892a-21bd825341e7,ddenseyo6,gweedso6@weather.com,mix1fdy
"2e69d1e9-a5c6-4dc6-b7b1-0428c1f29e50",pgiereko7,mlakero7@google.it,meincomputer1
ac204cab-d67e-4f6a-90d2-c3576425639f,rmicheleo8,vbosleyo8@mashable.com,annie8230
d74dc483-777b-4d36-be38-aef25210a546,taskeno9,esabbano9@biblegateway.com,br2002rj
"49a0c020-3dff-443b-ad2b-31185b988c4d",rburbridgeoa,lmaypoleoa@spiegel.de,myjbsy6
"830e6069-f9d9-42fa-96c8-2067c879cbff",bsaltsbergerob,astolbergerob@exblog.jp,sauber0
"455ebb46-85b2-48ca-8d7f-3314d590b74f",hblasoc,cstuddersoc@disqus.com,musti62
"5c0c5e67-4b5e-44bc-abde-89f24b87cf79",ckopfod,kmcfieod@sbwire.com,paul2178
"9f21569e-59ba-4dbd-b26e-eaaedd9a19e3",ihockelloe,asimooe@issuu.com,calvin91
"607278fe-c1c7-4cee-baab-e89bc4b50ccb",rchippindaleof,lfishleighof@macromedia.com,walker123
"0e19df55-3d33-4d8f-9d95-37b0614a7d2e",ehillattog,vcowelyog@timesonline.co.uk,tamer1905
acab299d-d03e-4610-845b-b9e88c226ae9,dlarradoh,ablethynoh@google.pl,pam46tsj4124
"24dd031c-aaf1-4af4-b52e-5d7d10c14173",mfloydoi,soldamoi@google.de,tinglea1667
c8907e4f-9828-4951-9b09-13cb3db95eb2,dsenecauxoj,llowndesoj@google.fr,paynejr1
"16de7d24-a63f-40b1-92b5-9abaf2ec0268",pdeetchok,cstrachanok@studiopress.com,mickey6869
"30d46a6e-6151-4642-82d0-bdf62f25e0be",aspieckol,ahuittol@cnet.com,cheonsa<3shujinko
"881b8ada-f65b-4575-89be-0f828ff7adeb",pmullingerom,ahrihorovichom@dmoz.org,"123456kc"
"10c87840-424d-4aa3-8671-32f8df9fa43d",joldon,croycrofton@facebook.com,healer1
d8060789-62ce-4617-a17e-edd6fa7b639c,gbeenoo,gpinningtonoo@purevolume.com,marianita26
"40188aff-4a67-44f2-92b7-1a239b921a1e",hfrancescoccioop,oryamop@europa.eu,"10akira04"
e5bf9e5f-3792-410c-b431-868b796a9130,hgludoroq,bcotheyoq@narod.ru,z3x256p8g
"435ce0a9-fe8d-4b88-a9a5-8ef717fd109f",vchristolor,alabarreor@illinois.edu,siska08
ad5a6d89-c135-44d0-a4b1-b4fac1b607e4,jtrubshaweos,jparlottos@cbsnews.com,almendra1
"7a91e117-b233-4246-b4da-acb1d5568b00",sboarot,jridgedellot@comcast.net,igyduzu366
db7e67be-e391-418b-94cb-24a30d93af2b,dsallingerou,saronoffou@redcross.org,nerica1
"26a229f3-0046-4e5d-8dad-3ae03ebb0ade",pbrownhillov,jthodyov@alibaba.com,pylygyn117
"7507c69b-e9d1-4825-a28c-9f3397e49d6b",rdymondow,lduthieow@squarespace.com,panda159
"26a0f008-e99a-441f-9411-e6979956c54e",agosforthox,hnicklinsonox@simplemachines.org,hocyzyt613
"7b081736-8678-40c4-9621-fb42ca4d5746",rinceoy,dchancelieroy@shareasale.com,"210190mf"
b06edac6-456c-4d63-900f-0e789f724221,kclaweoz,oattenbrowoz@patch.com,kangaroot69
f204b594-5945-4c76-a3c3-c76c0550be1b,jmarkiep0,kelsleyp0@phpbb.com,rz4082e5
"6457673a-6e6b-4f8c-aafc-dd2311f3e33b",fsunnucksp1,jpaskinp1@epa.gov,X6JePcDc3Mw6Jnkc
a5471fec-92e3-47ef-b655-c5553d472868,tflavellep2,tkezorp2@columbia.edu,maxa1b2c3d4
d8598e93-5e09-4120-9bc9-1c591227b1b8,sbelhamp3,alagnep3@tripadvisor.com,fuckthis01
ff1791a0-b5f2-4f3e-bcb3-5eb70e871736,gdarlisonp4,hortlerp4@scientificamerican.com,vFuj47p3jjZ63U2Yyx
"5cc74875-f433-4e39-a231-947480e7b45f",geckeryp5,cshaperap5@squarespace.com,thunder4
"14efd452-c999-4ade-b6d1-c9d456e60555",adewdenyp6,vjoannetp6@buzzfeed.com,qpwoe9
"11184c58-9669-42c3-b4d5-0b38cfd03a82",tsaintsburyp7,bdarcop7@drupal.org,"123123an"
ab58a1b7-6dfc-45ed-ac7a-2a7ae9f0c939,koliverap8,kfakesp8@scribd.com,jarefa2009
"6d497f2b-ffcc-4960-91dd-8888c319b8a1",ehaselyp9,bitzakovitzp9@marketwatch.com,a46597855
af07837e-8cd3-4175-98ac-1d69f6f13d07,dwelchpa,ebarradellpa@mail.ru,kuracpalac123
"01d183ec-a7b2-4a6a-a33e-6bb58a0fa697",ccavalierpb,mhalewoodpb@upenn.edu,ard27ym
c819c959-c51a-489f-a051-08dd4f199abd,efeathersbypc,lbenoeypc@columbia.edu,bagastw91
"1f64c83f-a461-4238-bab3-025dd8c3748f",sflacknoepd,bwychardpd@samsung.com,england2345
da243528-c648-45bb-b376-f8e2c2ef0753,jlaperepe,jcarneckpe@wordpress.org,aporia5ds
f3805783-11ed-4c93-b061-e5cb0ccc8390,estodepf,cstearndalepf@biblegateway.com,bokiv106
"9915627f-476d-4bd6-a073-cd5faae354ed",eelsepg,fcatfordpg@cloudflare.com,budus038
c7a2c27c-57ee-4a8f-9bdc-dc5ca9bcd9b1,omclaughlanph,ksegarph@studiopress.com,"2205magie"
"7d03d3c3-674b-4944-9beb-a49733696559",saudrypi,ttarbettpi@cnbc.com,lakers7
"16dad185-115b-49d9-952b-f84faead2f7d",hstamperpj,tcarayolpj@admin.ch,mauli09
d5df6516-65af-40eb-83e7-3c3397c42bae,lhardsonpk,ewyantpk@infoseek.co.jp,sa963246
"513a53e2-c437-4645-a7a3-c0c755be760c",wrollespl,hedmettpl@diigo.com,coxuce797
acbc4fd3-c8b5-4066-9972-de7fda54f3d3,jsibraypm,nblaberpm@cnbc.com,aries0607
"912a19d6-5579-4c18-855a-bbf39b0900f8",cperchepn,gbunclarkpn@nifty.com,cool14
a5d3337e-837a-44a6-88df-100c774fd436,hbompasspo,jhampsteadpo@phoca.cz,qazokm123q
e125f88d-300a-4585-b938-b236cee76365,edanielutpp,dpranglepp@wikimedia.org,geneofvis12
"21e2bea7-ec91-4911-8049-b23d0cd4b05c",sdittsonpq,nanneypq@vimeo.com,yosgrna02
"11ac124c-2a76-4f9b-afdf-0861f6406a12",bbonnairepr,glamingpr@yandex.ru,kysucen679
"0bbf669b-cd38-42ae-a5b5-8493a9a215dd",alockeps,sebbageps@jiathis.com,zaky7xganteng
"06879331-755c-4b52-be7b-3345a9037838",rspitellpt,bsnodenpt@europa.eu,bbnnmm123
a958d4b5-2b07-466f-ae24-007623008cce,oshepherdsonpu,hchattertonpu@marriott.com,uchiha94
b200db6c-18dd-40d3-a742-3685bd12b6d0,mducastelpv,jeliezpv@loc.gov,metsarein1
"659cabf4-e4d7-463f-b39f-9040297a9fb0",nchampainpw,dsurplicepw@paginegialle.it,"3vri132j"
"16699e41-4976-4071-a1f6-5e6e611a9122",jticepx,smurrpx@discovery.com,wien85
"24aee0c3-a5f2-4e7a-83f4-a374cf71456d",cmoubraypy,astowpy@symantec.com,chowdhury5
"61434400-2373-431f-8a58-c7736bc8a1d7",khorderpz,kvliespz@timesonline.co.uk,parixit368200
"0986ff64-ece5-48b0-83bb-67c43c9a5d45",npefferq0,rstillerq0@nytimes.com,yojanazut2010
"0bb4bfdb-10be-4c89-acac-550916235582",lluckesq1,rwardelq1@archive.org,"1090120pipo"
"097a6d9e-fec4-4a81-854f-364ad8fbd36f",aingilsonq2,rcurdq2@rakuten.co.jp,voyyager1
b17d3277-fb3b-40e0-83ac-18f17799eb3a,yhandrikq3,mbillyealdq3@ca.gov,kfd041596
"5451d58e-41ca-4c5f-bcb3-7abf854c19e2",bcasariniq4,nsheerinq4@apple.com,july93722
"9e04bce2-f982-4aa0-be5f-409e8c34fddc",dfilkinq5,fbrudenellq5@flickr.com,sveta1987
"75fab691-057d-4d08-b1ef-143341bf9523",cvanhesterenq6,srolyq6@ovh.net,eyewitness143
"88385111-1e1c-499f-b920-e3f59ed6e8f7",eslaughterq7,rcharlickq7@tripadvisor.com,aCpsw6jYxOQOxp1C
"4d161cd2-dffc-4a64-bf0d-0063280737b1",bfritschmannq8,chinksenq8@scribd.com,sinterklaas94
"97b65e92-3277-49f7-a675-ce90301b856c",jdrescheq9,aiversq9@mozilla.com,U26MYgzI1NgsyERb
b90637f5-ba57-40dd-b8f7-d909188ac064,rdrinnanqa,falebrookeqa@netlog.com,miwuty944
ac3555f8-f0db-499a-bdb3-2cc4e84ef590,agawthorpqb,nbrameltqb@i2i.jp,julio1210
"80065f8b-7f92-4682-adc1-3416ee260f4e",ecowelyqc,ejakubovitchqc@deliciousdays.com,nuri3164
"60969f75-f559-4c54-82fc-e0976c289ca7",sricartqd,vmaggioreqd@amazonaws.com,"19871231yj"
"7849ac90-87d9-4c99-b770-1bc2e69531d5",striggolqe,lmarquezqe@archive.org,dragon190290
"583e0106-c4a2-4d53-bc79-26d85dcecfec",lgronewayqf,mhorcheqf@timesonline.co.uk,atak27spe
"85ef9fc3-3d57-4e92-bbd1-f31f01bf516f",shannabyqg,ikoopqg@pbs.org,rainbow1989r
f7a2787a-839d-4a85-a7ee-5cc098d5c78e,mwycliffeqh,glovedayqh@google.com.hk,m3nt0l4t3
c143f6c6-34d9-40af-8476-7455b3c5b5c2,mgingoldqi,ttitmanqi@netscape.com,astro1974
f82c8b44-ac99-46cc-b806-b77f5b9b325c,fneylanqj,mleybanqj@house.gov,jorgitho2
"4b63e611-ee10-4d1a-8726-874e655e11a2",abilneyqk,fboarderqk@sogou.com,i62bcj1kl
"54861974-740d-4a86-87e1-234666d68b17",pjaukovicql,alaibleql@pbs.org,"030689lk"
f9af60f2-a730-4308-8245-ec0efa60d56e,dblanninqm,tgannqm@prlog.org,amangavy23
a6475af6-a4ab-4568-b90d-cd7504de6b9b,kantonettiqn,cverdeyqn@etsy.com,"860824yuaiyan"
"2d7bd0a8-c392-4fa7-8bd5-a3de48b3e69c",waldcorneqo,tduchartqo@moonfruit.com,fCqqhijcyNw4lFpf
e9b92735-2776-4457-bc28-972b6f4832a0,apresslandqp,mstammlerqp@vinaora.com,xaker1
ae4719c7-9829-4c04-a5c6-b9b460a6dd09,mfrankcomqq,wharderqq@berkeley.edu,UJW1jrTQxMAj85WJ
"0d5727fd-787b-44e4-a449-bfb57a478a30",tballendineqr,aimlachqr@tamu.edu,emekipy749
"913ff618-c0e8-4247-ac9f-3624cf8fe0bf",rhugillqs,dmackissackqs@nasa.gov,armedmetal333
"63b97e47-5361-4797-bde6-1d34d9f8c0fb",bbreemqt,pdellenbrookqt@i2i.jp,e3qvysvc
"0fba38ab-319c-4c8f-abd7-bb4dad313fe6",mfreckeltonqu,asaingqu@home.pl,camila1234
"60788aba-2b7a-4d28-8d6f-ffe9a893b4e5",kdanseyqv,gbriffettqv@bloomberg.com,slipknot0
f6a1cecb-d6de-4008-8934-b80364b9f3e0,mbrickhillqw,mespineqw@posterous.com,mopnewv7
"8172bf38-0f18-4ac8-b4f5-20b09fe9eb54",jaltenqx,wcrucettiqx@cafepress.com,RvfHhKTkxMgGp3pC
fa65a7d9-f110-4359-97f1-c50457c91082,mdonnellqy,bfitzharrisqy@fastcompany.com,wyuvlbe8
"0d6107fb-1ff8-4139-bc7e-bb86236bc783",myessonqz,nalbistonqz@narod.ru,aico02
e01268f2-b9ae-421b-879c-71aa7319bce0,rmenhenittr0,cyakushkevr0@skype.com,orange0
"50eec3e4-9e3b-4075-9a5c-5b4c9a399944",ffrushardr1,zshillabearr1@mediafire.com,web432963
d6168739-ae42-4c31-a61c-b623a0c412f7,kgammidger2,mstaffordr2@skype.com,thiagomessi10
"0ee71acb-42ee-4b12-bcc6-89df3ca98b7f",nbercherr3,rtidmarshr3@mapy.cz,qikohi383
"27ed3236-6ad1-4590-81b2-6e9ff789427d",kgrecer4,ihefnerr4@yolasite.com,hervnzma51
"363f8161-c7ee-4e76-9528-49f693c9b7a1",pcollesr5,lcollyr5@jugem.jp,notlesssix*
"2a4c1023-1cc9-4008-be78-f23ab29a7db7",amunningr6,sdoneganr6@about.me,dpr937aw
"5dd34606-1632-4402-97a7-d82861c6a95e",etowseyr7,cmcgraner7@cnbc.com,gaidys1
a327b4b8-9f39-42e3-90c6-4837a1a415c4,mhickinbottomr8,despyr8@state.tx.us,kimud412
"65a5ccac-33a1-49ac-891f-866d4ca4ce3a",qsandayr9,rhalliwellr9@blogs.com,biduma639
e67aeb49-7e7f-4730-b977-7bbcde5313ab,ebackhousera,ddevinra@ucoz.com,co37polpen
"6acab2ed-fdd5-4603-bd1d-f06490c8e06d",gmcquirterrb,amyrkusrb@nyu.edu,"4fJGrXDY2NAhQBO2"
"2ac6a11e-66be-4323-aa6d-3a96499ce445",dhaingerc,apetrellirc@un.org,WVQ8L7TM2MgYVO3O
"4970845b-defc-494f-9f73-78fbe6c03b57",ahabdenrd,nkingswoldrd@stumbleupon.com,tqwxdx0orhwl
"87de7e0c-ed8f-4bbe-a970-bef1d5e806a4",jjovicicre,hwhittakerre@t.co,NkMR7SjgyMQYLfFV
cbf1d629-ae3d-47c3-94a6-97f31d08ae5a,gciabatterirf,saddionisiorf@biblegateway.com,kw3vA5TE3MgJBIOw
f9344aa1-310a-4846-94b8-9cd3a6aaf982,cmcclayrg,alegendrerg@alibaba.com,"12369cipto"
"957c1ede-0f72-4144-9401-79b13785c081",aseabrookerh,mhanscomerh@jimdo.com,scott102
"98c4f8d7-d63d-46ff-93fa-2b9707e36f23",ttwidellri,gspereri@mapquest.com,napateqi10
"66ae563b-3ac1-4421-8b5f-0ad46260cf4a",phassanrj,tcounsellrj@twitpic.com,akiva18
dd108821-a933-4106-ab30-9b0e91b97fdd,kwordesworthrk,btweederk@deliciousdays.com,sport4u
e64ff012-7416-4157-a78b-f866d2facd56,byvensrl,tlangfittrl@imageshack.us,pysy408yw80
dd8c94d0-e27d-4461-bca8-38f1f892fc6b,geylesrm,npiecharm@baidu.com,plutonis2010
"3cc81283-0dfb-4e81-8103-a59f85fce1da",acoakleyrn,jbarwoodrn@creativecommons.org,chennai1
"4911a6c0-d309-4e93-85b9-bac81cd523ba",gmadiganro,bconnikiero@sciencedaily.com,massimo70
d74823f7-8e52-43d2-b199-5e3adc2ccb7e,jmccrannrp,dlodekerp@zdnet.com,bugoff2090
"1c56c4be-7cf5-4900-8469-067bdbc12cbe",cruddockrq,nmillichaprq@webmd.com,"19rytvadro55"
fd1653c7-a403-4218-b863-95f3cac39a30,astaveleyrr,jcrombrr@list-manage.com,unikom12345
